sleep_hours,study_hours,screen_time,exercise,social_time,productivity_score,burnout_risk
8.64,4.39,8.73,2.09,0.47,45.92,1
8.57,7.86,2.15,1.35,1.85,100.0,0
7.86,8.23,4.99,0.68,2.77,85.01,0
8.97,6.32,7.82,1.06,4.85,59.66,1
8.67,1.95,5.2,0.13,0.77,40.38,1
8.47,9.68,3.93,1.11,2.35,100.0,0
4.78,4.76,3.04,2.01,2.19,49.27,1
8.99,8.05,4.49,0.86,3.41,91.33,0
5.2,0.07,8.08,1.99,3.53,0.0,1
6.75,5.69,2.26,0.34,3.34,80.39,0
7.39,7.65,6.71,1.66,2.8,89.23,0
4.18,4.37,2.93,1.23,4.27,23.02,1
4.35,2.81,3.64,1.99,2.79,25.14,1
7.99,4.06,8.33,0.5,0.11,47.24,1
8.33,4.62,2.45,1.5,0.76,87.44,0
6.68,3.81,3.71,1.89,1.81,54.61,0
4.71,9.62,9.18,2.1,1.33,60.81,2
8.67,7.17,5.04,0.82,0.48,82.1,1
6.73,2.02,3.75,1.74,0.88,41.38,0
8.55,7.19,4.89,1.88,2.92,84.53,0
4.51,4.16,1.37,1.48,1.65,46.39,1
4.62,5.88,2.54,2.78,2.91,49.18,1
7.55,0.23,9.63,1.45,3.91,15.76,1
6.92,4.91,9.44,1.72,2.37,51.52,1
5.99,5.21,4.95,0.06,4.13,45.03,1
4.84,5.54,1.98,2.02,1.41,59.87,1
8.36,7.69,1.97,2.75,1.15,100.0,0
7.33,3.71,8.47,2.42,1.59,58.35,1
5.75,5.15,3.3,2.81,0.82,68.74,0
6.61,9.92,9.03,2.25,4.45,88.08,1
7.11,3.16,7.95,1.98,1.87,48.22,1
8.48,2.62,9.43,0.72,0.61,48.85,1
4.92,1.79,6.39,2.62,0.98,8.88,1
8.66,9.72,5.51,0.43,0.07,100.0,2
4.79,6.78,2.1,1.52,3.47,51.42,1
5.2,8.04,7.44,2.22,0.66,59.17,2
5.81,4.89,6.97,2.87,1.43,49.72,1
4.15,5.55,6.71,0.32,0.7,28.44,2
9.8,5.96,9.4,2.41,2.34,64.75,1
4.11,1.09,8.46,2.39,1.16,0.0,2
7.64,8.68,6.43,1.24,1.87,100.0,1
7.91,8.67,5.09,0.74,1.18,91.03,1
8.9,1.05,1.6,1.78,0.73,67.86,0
5.86,1.44,9.29,0.5,1.42,2.86,2
4.69,0.21,1.5,0.52,0.27,13.07,1
8.08,3.94,3.86,1.51,4.38,59.74,0
4.26,1.81,3.13,0.75,2.86,12.78,1
4.3,3.74,5.71,0.31,4.17,11.85,2
9.55,0.99,8.59,2.71,4.9,24.46,1
8.68,6.42,8.01,0.4,2.68,60.87,1
9.15,4.63,4.47,1.92,1.33,71.13,0
6.87,4.17,3.09,1.1,1.83,63.97,0
6.28,6.86,3.67,2.85,4.58,91.6,0
5.97,5.35,8.64,1.96,4.02,39.76,1
7.8,2.88,7.61,0.61,3.47,34.94,1
7.69,0.95,7.53,0.25,4.68,15.61,2
9.75,8.01,6.34,2.35,3.98,86.5,1
5.52,5.9,1.86,1.85,0.86,84.85,0
7.43,4.66,5.7,2.29,4.0,76.71,0
7.6,9.31,2.08,0.35,0.44,100.0,1
6.51,7.74,7.04,1.0,4.49,73.0,1
5.62,3.64,3.83,0.47,0.74,50.29,1
6.63,3.83,7.57,1.66,4.68,43.54,1
6.88,3.76,9.88,2.15,4.76,40.26,1
9.1,6.37,2.1,1.76,3.43,92.58,0
6.73,8.25,3.66,1.38,2.21,99.94,0
9.51,7.81,2.0,2.99,4.4,100.0,0
9.02,1.06,9.99,2.0,3.25,24.45,1
9.38,0.29,3.17,0.43,3.88,37.11,0
9.46,6.56,1.33,0.02,0.26,80.15,1
8.81,2.39,8.64,0.17,4.0,19.58,1
8.63,6.98,8.54,0.12,1.01,73.03,1
7.78,8.51,2.4,2.2,0.97,100.0,0
8.26,9.8,6.5,0.16,3.08,99.84,1
9.3,7.1,2.56,0.28,0.92,85.39,0
6.75,7.84,6.73,1.72,0.73,95.67,0
5.81,5.78,7.3,1.95,4.7,51.05,2
7.05,4.04,5.27,0.36,0.67,56.43,1
5.83,4.28,6.5,1.9,2.06,38.85,1
5.31,5.88,3.85,0.11,2.09,68.21,1
5.35,5.72,6.09,2.11,3.24,55.65,1
5.9,7.87,5.94,1.29,3.13,88.4,1
7.08,7.37,8.98,2.76,2.52,76.76,1
8.8,3.14,8.54,1.48,0.58,47.4,1
9.05,0.56,3.53,1.0,0.86,46.44,0
8.46,0.15,8.44,2.57,1.86,35.64,1
7.61,1.2,4.28,2.88,4.98,48.8,0
5.87,6.88,7.35,1.16,3.2,54.92,1
5.25,5.25,2.47,0.5,4.18,64.41,1
7.34,8.39,9.91,0.42,2.24,67.12,2
4.48,7.55,4.9,1.41,0.75,51.57,1
9.44,0.45,3.1,0.88,2.45,46.79,0
6.96,0.84,3.19,2.53,3.19,44.31,0
8.02,7.63,1.52,1.1,2.7,100.0,0
9.07,4.83,7.92,2.56,2.52,60.41,1
7.52,8.5,4.07,1.5,2.66,94.82,0
6.39,9.17,6.68,0.53,1.69,83.62,1
4.15,9.27,5.03,0.92,2.99,51.88,2
5.67,7.03,6.7,2.95,3.1,77.97,1
8.57,9.03,7.49,2.89,3.91,87.18,1
4.68,7.32,4.96,1.66,3.27,64.87,1
9.91,2.88,7.6,2.25,1.73,40.65,1
4.25,7.77,5.41,2.96,2.32,50.45,1
6.47,7.94,1.76,1.67,4.01,94.55,0
8.94,0.37,4.35,0.15,0.55,31.65,0
8.28,7.74,8.79,2.22,4.0,83.13,1
5.41,6.22,8.72,0.01,2.57,32.49,2
4.18,4.01,9.06,2.01,1.19,0.0,2
6.09,8.53,3.69,1.77,1.98,88.6,0
9.32,1.88,1.76,1.03,3.59,58.42,0
9.99,2.96,4.67,0.41,2.87,39.58,0
6.35,9.15,5.47,0.4,1.83,74.14,1
5.21,0.18,5.08,1.9,1.72,12.88,1
9.76,7.52,5.87,0.85,4.48,69.67,0
5.95,9.09,5.77,2.23,2.95,78.78,1
5.8,2.41,3.9,0.47,4.37,29.43,1
7.37,7.92,8.05,1.32,2.38,87.88,1
8.05,8.15,9.12,2.36,0.93,94.78,1
4.61,6.53,9.6,1.54,2.16,36.46,2
9.76,1.03,1.37,0.74,0.33,48.92,0
7.1,3.13,1.46,0.33,1.92,68.16,0
8.19,2.07,3.72,1.18,2.08,53.47,0
4.67,8.63,1.01,1.52,2.45,59.65,1
6.59,7.81,8.57,0.78,1.61,54.6,1
6.88,6.83,3.05,0.99,4.65,73.51,0
6.76,7.12,2.35,0.14,0.69,90.75,0
4.06,1.88,1.28,0.33,3.1,21.02,1
7.42,5.9,8.64,0.01,4.27,61.85,1
4.98,7.73,8.7,0.76,4.59,28.2,2
7.62,9.85,4.25,2.44,1.59,100.0,0
7.6,2.16,4.73,0.95,0.39,51.75,0
6.08,0.19,2.49,2.18,3.54,40.03,0
5.9,8.9,6.34,0.38,0.72,58.52,2
5.04,5.07,9.93,0.01,0.08,38.56,2
7.51,1.27,9.08,2.64,2.68,22.3,1
5.64,0.51,6.35,0.88,3.32,0.0,1
4.11,5.96,3.08,2.62,1.27,51.15,1
7.32,3.96,7.1,2.18,2.83,54.37,1
9.9,4.19,5.63,0.04,3.98,54.55,1
6.45,0.94,9.01,1.19,3.41,5.93,1
9.77,1.78,2.8,2.58,4.56,50.14,0
6.82,7.33,8.91,1.14,2.59,75.3,1
8.39,7.83,6.13,0.31,4.52,75.63,1
8.79,1.0,2.84,2.23,0.12,67.06,0
6.26,7.19,8.99,1.18,1.6,79.07,1
7.49,4.09,6.42,2.81,2.34,71.02,0
6.26,3.94,2.18,0.49,3.42,36.65,0
9.73,2.44,1.89,2.26,4.41,60.47,0
5.21,1.86,5.7,1.41,1.3,25.92,1
6.89,9.59,6.87,1.49,0.55,99.43,1
5.77,7.65,8.89,2.7,4.92,53.07,2
9.72,0.72,2.24,0.91,2.76,27.81,0
9.07,6.17,5.88,0.5,1.27,69.45,1
9.11,5.84,7.62,0.89,1.86,66.18,1
8.56,7.72,2.86,2.82,0.6,100.0,0
4.6,2.65,8.62,0.54,2.07,0.69,2
5.47,7.1,8.66,2.62,1.7,65.58,1
5.49,2.45,2.45,2.82,4.44,41.27,0
7.11,4.91,5.77,1.61,2.17,65.55,0
4.75,9.52,5.34,2.86,0.82,76.25,2
5.25,2.53,1.27,0.36,4.58,40.58,1
7.65,4.65,4.6,1.6,0.94,52.22,0
8.91,7.42,5.22,0.46,4.6,68.41,1
4.3,3.42,8.15,1.87,3.75,10.85,2
5.27,9.24,4.94,1.92,0.01,72.42,1
5.69,0.62,5.12,0.39,0.76,12.95,1
6.36,9.22,3.87,2.18,2.31,95.62,0
7.6,4.73,9.55,1.03,0.89,55.16,1
9.08,0.4,5.05,2.68,3.75,41.21,0
7.19,6.6,3.72,2.84,1.83,100.0,0
6.42,5.62,7.48,1.53,4.54,52.98,1
7.88,3.42,4.67,1.32,0.63,65.15,0
8.0,6.56,6.97,0.06,1.63,79.79,1
8.67,8.61,3.22,2.0,0.65,100.0,0
4.83,2.84,7.07,2.73,1.01,25.22,2
8.21,9.53,6.49,0.77,3.13,100.0,1
9.86,4.0,7.17,0.07,2.0,48.99,1
7.66,4.44,9.42,2.56,1.61,63.1,1
6.94,6.32,4.01,0.73,4.56,76.31,0
9.06,9.78,7.7,2.29,3.81,100.0,1
6.74,2.4,6.8,0.87,1.29,39.44,0
6.46,2.19,8.34,2.58,0.84,29.82,1
6.02,7.98,8.55,0.41,3.87,46.62,1
6.34,9.99,2.73,0.46,2.11,100.0,1
9.6,9.81,1.63,0.41,3.95,100.0,1
9.31,6.63,2.01,2.5,0.88,100.0,0
7.31,5.01,7.18,1.96,4.96,66.34,1
4.57,7.28,9.79,0.95,2.31,35.34,2
4.31,6.72,4.18,2.36,4.16,46.89,1
6.5,3.22,7.74,2.4,2.46,35.1,1
4.86,8.79,1.86,0.46,2.67,55.69,2
4.32,0.01,4.93,2.32,0.17,1.62,1
8.94,1.68,2.32,2.58,4.12,54.27,0
8.92,0.93,4.55,2.21,1.29,44.76,0
7.03,7.5,5.18,1.1,1.1,83.05,0
8.51,1.19,1.77,0.53,0.88,53.59,0
6.39,9.9,2.23,1.96,2.24,100.0,0
9.25,9.76,8.86,0.58,1.1,87.59,1
5.73,7.35,6.1,1.65,4.14,77.3,1
4.16,0.49,6.41,1.46,1.3,0.0,1
8.55,8.27,6.05,1.16,1.35,91.81,1
5.89,5.64,7.09,0.2,0.01,37.75,2
9.37,6.46,2.55,2.67,2.35,100.0,0
9.61,0.59,2.94,1.76,0.98,43.18,0
5.28,0.99,2.86,1.27,0.88,28.03,0
9.16,3.2,4.25,0.17,1.79,53.96,0
7.66,2.05,9.0,2.79,0.5,32.85,1
4.69,6.2,2.1,2.56,3.77,69.47,1
7.16,9.97,1.4,1.2,1.62,100.0,0
7.46,8.06,2.53,2.94,2.49,100.0,0
6.39,5.85,2.15,0.96,0.97,84.81,0
9.2,5.89,4.23,1.23,2.16,79.74,0
9.56,9.33,4.52,0.99,2.26,100.0,0
6.77,6.59,5.99,0.96,1.73,72.64,0
4.57,1.66,7.51,1.17,1.07,0.0,2
8.53,2.57,8.44,2.78,2.99,44.37,1
4.32,9.46,4.53,2.77,2.89,68.09,1
4.23,6.8,6.06,0.08,3.72,17.18,2
6.98,4.66,1.05,2.36,1.65,86.65,0
6.24,5.65,3.43,0.48,3.87,42.9,0
7.22,9.65,9.67,2.57,0.94,89.41,1
9.27,3.74,1.91,2.43,2.41,76.68,0
9.89,6.07,4.82,1.11,2.09,72.97,0
8.77,8.38,3.56,0.91,4.37,91.93,0
7.12,4.64,7.21,0.49,3.34,47.97,1
7.71,0.4,5.16,1.57,1.07,35.54,0
5.13,3.44,1.87,2.84,2.02,61.59,0
9.85,0.81,6.87,2.61,3.17,31.99,0
6.59,0.36,5.81,2.98,4.79,31.14,1
8.23,3.02,9.13,0.14,4.68,19.22,2
4.71,0.6,8.51,0.47,2.67,0.0,2
7.4,3.97,5.01,0.19,4.84,54.26,1
5.14,2.86,9.68,0.28,4.34,9.59,2
8.98,9.76,8.58,2.83,0.63,100.0,1
7.27,5.43,9.09,2.92,3.52,41.86,1
6.74,3.86,4.25,1.17,0.45,54.13,0
8.68,4.46,9.38,1.84,0.18,55.48,1
5.23,9.76,2.97,1.55,4.68,72.41,1
5.42,0.49,2.38,0.19,0.98,25.54,1
9.47,5.37,6.63,0.61,4.0,75.05,0
9.18,9.49,4.13,0.27,1.13,100.0,1
9.67,3.78,7.94,1.62,0.91,64.6,1
7.92,6.73,4.91,0.69,3.61,83.89,0
9.62,1.88,1.97,1.49,2.6,58.45,0
6.62,9.95,5.38,1.43,2.11,100.0,1
7.56,2.28,6.74,0.15,4.91,38.79,1
9.38,4.76,1.54,2.47,3.24,84.33,0
6.57,6.38,8.71,1.89,1.74,67.44,1
8.03,9.61,4.34,1.28,4.06,100.0,0
8.42,4.6,2.94,2.24,0.66,95.09,0
7.76,7.47,9.05,0.82,0.55,63.98,1
4.93,1.98,3.62,1.59,4.41,16.97,1
8.25,1.75,4.22,1.44,0.74,54.77,0
5.85,1.27,5.95,2.12,0.35,19.89,1
8.69,7.48,8.34,1.34,4.1,65.45,1
6.16,1.76,5.21,1.18,1.2,28.45,0
5.88,2.73,2.18,1.32,1.51,33.41,0
5.42,7.63,9.37,1.49,3.21,39.64,1
9.99,6.14,9.01,2.73,3.96,79.01,1
4.49,0.16,5.29,1.48,2.04,0.0,1
7.31,8.37,1.98,0.68,3.97,87.89,0
9.97,8.73,9.01,0.94,2.01,84.55,1
7.64,9.39,4.1,1.67,1.48,100.0,0
5.17,0.58,9.54,1.21,4.17,0.0,1
5.15,1.75,8.31,0.79,4.57,3.17,2
8.07,8.14,3.12,0.83,4.82,97.48,1
6.58,4.33,3.28,2.33,3.86,68.55,0
9.01,2.13,1.04,1.71,4.97,60.71,0
5.25,5.19,8.29,0.27,1.98,20.9,2
6.23,1.89,2.76,1.23,2.4,27.93,0
7.85,6.9,9.85,1.24,2.02,68.16,1
5.48,7.3,7.79,0.29,2.34,41.72,2
5.11,4.64,3.6,2.39,4.54,50.81,1
5.6,2.74,3.29,0.41,4.72,33.46,1
5.35,8.47,4.59,0.11,0.81,65.44,1
8.7,2.11,9.26,2.55,4.24,41.3,1
4.3,8.67,3.75,1.86,3.8,57.32,1
8.69,9.39,7.56,1.32,4.38,86.03,1
8.47,8.21,7.74,0.86,0.59,78.57,1
7.02,5.05,6.24,1.19,3.93,54.23,0
5.48,7.37,7.1,1.57,0.94,68.17,1
9.76,7.22,9.26,2.95,1.76,83.0,1
6.84,9.87,1.84,1.24,4.38,100.0,0
8.73,3.83,9.82,2.65,1.51,46.28,1
6.02,6.06,6.93,2.49,0.12,55.09,1
8.27,5.64,5.46,0.17,1.74,66.34,1
4.19,3.96,9.51,0.15,3.75,0.0,2
9.2,7.46,8.97,0.65,2.66,65.11,1
5.47,2.31,1.24,2.88,3.55,52.0,0
8.46,5.32,5.29,1.35,3.2,80.57,0
9.33,8.12,4.15,1.74,0.71,96.91,0
9.42,9.22,3.99,0.51,1.06,100.0,0
4.72,0.71,9.91,0.22,0.66,0.0,2
7.48,7.74,6.68,2.65,3.19,88.64,0
8.28,4.47,4.11,1.4,0.85,69.7,0
5.56,1.54,3.22,2.53,1.65,43.79,0
9.14,0.78,7.89,0.92,1.08,18.32,1
9.46,2.95,6.12,0.87,2.77,58.06,0
7.66,6.24,2.22,2.08,3.37,88.66,0
4.44,4.47,4.68,0.26,1.11,20.16,1
8.46,2.37,8.47,1.64,3.8,28.53,1
7.0,6.2,9.35,1.48,2.64,50.86,1
8.43,0.72,5.64,1.44,4.61,37.57,1
6.81,9.62,5.06,0.54,1.08,88.28,1
4.0,4.32,7.92,2.2,0.16,21.47,2
4.93,9.41,2.51,1.88,1.63,73.78,1
6.47,7.6,3.08,2.72,2.5,92.41,0
9.1,9.99,3.02,0.86,1.25,100.0,0
7.49,9.94,9.91,1.58,3.2,73.64,1
9.6,2.04,5.76,2.5,1.52,59.25,0
9.91,9.85,9.15,2.4,1.35,95.61,1
7.28,5.61,5.55,1.91,2.04,84.81,0
6.0,3.31,2.15,0.57,4.25,33.6,0
5.37,7.59,5.99,0.06,1.58,56.37,1
7.94,2.75,1.58,0.16,2.91,57.33,0
9.09,1.55,6.46,1.33,2.21,45.52,0
8.82,8.93,1.1,0.54,4.52,100.0,1
4.9,2.03,6.94,2.17,3.0,0.57,1
6.96,3.0,5.3,1.08,1.12,54.97,0
6.11,7.11,1.17,1.32,3.22,76.84,0
8.66,8.11,7.41,0.31,2.38,67.66,2
5.47,0.43,3.01,1.36,2.07,19.62,0
8.95,9.26,2.81,2.79,0.09,100.0,1
9.71,0.12,7.87,2.91,4.53,20.99,1
7.3,0.78,8.65,1.84,3.07,16.76,1
7.43,1.54,7.66,0.23,3.65,7.41,1
6.83,5.1,3.81,2.91,3.67,83.9,0
5.05,2.2,5.18,2.83,3.67,22.28,1
9.16,3.78,8.67,0.73,3.09,30.62,1
5.55,6.93,9.89,0.45,0.44,40.19,2
6.04,0.71,5.28,2.26,1.43,13.06,0
9.07,5.2,8.58,1.34,4.76,49.14,1
4.7,8.85,5.4,0.42,0.76,46.55,2
4.28,2.87,2.26,1.32,2.07,25.46,1
5.68,0.32,6.53,1.12,3.26,0.0,1
4.08,2.48,5.11,1.18,4.05,7.05,1
7.18,5.94,1.2,1.55,1.72,86.79,0
4.6,7.83,9.48,0.07,3.01,30.71,2
5.71,7.88,6.69,2.79,4.91,68.54,1
6.67,5.47,2.32,1.01,4.94,71.34,0
6.72,8.43,3.92,1.44,4.89,96.79,1
4.79,0.52,9.51,0.8,2.52,0.0,2
6.54,9.3,5.52,2.91,1.29,100.0,1
9.16,4.48,3.52,2.57,1.95,75.74,0
9.86,1.86,3.71,0.09,1.96,51.16,0
8.08,1.81,7.07,0.79,1.78,40.42,1
8.3,4.67,4.25,2.56,2.86,82.93,0
9.4,3.43,1.35,1.48,0.62,96.68,0
8.48,1.31,8.26,2.81,3.03,34.4,1
8.28,9.93,4.07,0.49,2.6,100.0,1
5.07,6.13,1.13,2.78,1.32,81.53,0
4.65,2.4,3.47,0.1,1.4,5.4,1
6.27,3.85,4.05,0.98,0.45,53.68,0
5.21,7.57,9.92,2.79,2.52,55.32,1
5.89,7.74,7.88,2.53,4.48,71.79,1
8.6,8.06,3.78,2.79,0.47,100.0,1
8.62,0.93,6.91,0.1,3.85,12.27,1
7.61,8.57,1.88,0.83,2.07,100.0,0
6.69,2.65,4.53,1.28,4.4,44.14,0
9.36,4.26,3.95,1.51,2.09,70.43,0
7.02,1.52,4.17,1.7,2.07,52.08,0
5.54,9.7,8.06,2.9,4.19,69.61,2
7.16,1.7,8.36,1.75,1.32,29.49,1
4.69,5.64,7.49,0.18,2.99,28.24,2
4.41,5.12,3.33,1.99,0.59,40.91,1
9.37,1.86,3.91,1.76,3.59,44.27,0
4.94,1.04,10.0,1.37,4.36,0.0,2
9.53,0.88,2.03,2.79,4.74,49.53,0
6.13,4.52,4.75,0.57,4.49,42.67,0
8.23,0.67,1.35,1.96,1.7,59.15,0
4.56,9.5,7.74,2.63,0.68,56.99,2
6.21,5.37,3.67,0.18,1.84,57.0,0
6.32,1.97,3.36,1.88,1.94,35.62,0
7.2,7.72,4.41,1.76,4.83,86.98,0
9.46,7.94,1.53,1.29,3.49,100.0,0
6.75,0.93,6.06,0.38,3.76,19.02,1
8.34,8.69,6.66,1.84,3.77,90.53,1
9.21,0.36,6.01,0.65,4.3,22.19,0
6.52,1.88,4.05,2.11,1.02,42.77,0
9.33,7.64,2.8,0.88,4.86,86.48,0
7.66,3.08,3.69,0.12,3.64,44.37,0
4.03,7.29,9.54,2.27,2.36,20.58,2
6.62,3.25,5.7,1.29,2.99,49.91,0
9.97,0.79,4.46,0.54,1.76,43.56,0
5.05,7.64,5.47,2.76,0.16,73.08,1
6.42,0.8,3.36,2.96,1.04,53.92,0
7.44,4.98,6.22,1.13,4.13,60.61,0
6.57,6.9,8.81,1.11,2.84,50.69,1
5.02,0.69,7.55,0.86,3.62,4.88,1
9.18,8.36,1.8,0.07,0.28,99.15,1
5.41,5.48,4.84,2.39,2.44,61.08,0
9.93,1.5,8.48,0.16,2.39,24.32,1
7.99,6.85,3.37,1.26,1.83,91.27,0
6.77,3.27,3.75,0.75,1.83,57.5,0
9.23,6.02,2.2,2.08,4.24,78.66,0
4.9,0.09,1.43,2.29,4.94,17.2,1
8.49,0.72,6.33,2.27,1.8,39.57,0
7.57,9.91,3.32,0.57,0.62,100.0,0
7.58,7.92,7.78,2.68,4.03,70.87,1
7.34,2.97,3.97,2.8,3.41,55.57,0
6.5,5.37,5.38,0.32,1.18,58.82,1
4.4,9.31,2.11,0.59,3.83,73.14,1
9.4,7.26,1.62,2.08,3.16,100.0,0
8.97,7.18,6.28,0.97,3.49,71.74,0
7.53,6.64,4.93,2.27,4.99,87.61,0
5.21,5.39,5.33,1.71,0.25,56.41,1
7.5,5.85,6.92,2.16,3.21,66.31,0
7.75,5.38,6.46,0.3,1.37,60.53,1
9.24,6.79,1.81,1.78,1.11,91.61,0
8.96,5.93,6.32,1.02,2.23,52.35,0
8.34,5.2,4.31,0.15,0.72,81.44,0
6.24,9.44,5.55,0.7,0.53,94.91,1
8.89,3.83,7.95,2.41,0.55,44.94,1
9.75,4.02,1.46,2.77,4.42,86.89,0
7.31,2.12,8.38,1.5,0.17,33.44,1
9.7,8.29,3.49,0.16,4.7,86.63,1
7.19,6.42,5.16,1.26,0.6,67.65,0
5.4,8.37,2.31,0.68,2.74,67.84,1
4.98,5.63,4.31,1.88,4.56,39.83,1
9.48,9.02,8.46,1.89,3.1,92.4,1
8.14,0.16,9.62,1.76,3.91,14.02,1
4.07,5.1,5.56,1.31,1.7,31.34,1
9.82,1.73,3.88,0.88,2.72,62.76,0
7.86,9.5,3.57,2.08,0.13,100.0,1
6.78,0.31,6.56,2.03,3.73,25.41,0
7.62,3.96,1.37,0.3,3.27,73.2,0
4.09,5.58,7.76,2.48,2.73,19.49,2
8.18,8.59,2.1,2.78,0.13,100.0,1
4.46,1.95,1.04,1.34,1.67,22.61,1
6.71,4.02,7.91,2.68,3.26,58.96,1
9.48,0.89,4.66,2.83,4.75,46.16,0
8.0,4.57,7.78,0.09,0.72,66.71,1
5.4,6.66,4.16,2.66,4.1,56.79,0
8.64,2.71,5.45,0.59,4.3,48.46,0
9.41,8.77,9.64,0.69,4.66,66.92,2
6.53,5.6,4.08,0.87,1.21,76.43,0
6.98,8.88,6.67,1.56,2.14,85.58,1
5.26,8.23,2.79,2.15,3.8,78.65,1
9.18,2.91,8.93,2.19,3.99,42.94,1
9.08,9.93,4.78,2.44,3.72,100.0,0
9.56,3.94,6.09,0.32,1.13,64.53,1
6.38,3.94,3.21,1.47,4.03,49.98,0
4.42,5.75,5.21,1.84,2.24,39.11,1
6.83,5.82,5.51,1.42,4.09,78.6,0
6.05,8.01,8.68,0.46,2.91,55.41,2
8.44,2.39,7.04,0.77,2.56,33.68,1
6.29,8.76,9.88,2.62,0.83,84.51,1
4.19,3.93,8.84,2.07,2.66,11.54,2
8.87,7.1,5.22,2.68,1.15,90.44,0
7.86,9.72,3.23,0.75,0.7,100.0,0
5.36,5.03,9.92,0.04,2.78,20.77,2
8.84,3.55,4.69,0.5,3.7,46.53,0
4.82,3.93,9.04,0.01,1.49,9.33,2
6.0,2.72,5.14,0.54,2.65,40.16,0
7.45,0.93,8.6,0.52,3.82,20.78,1
8.7,2.06,2.68,1.49,0.16,66.89,0
8.34,8.37,1.73,2.65,3.99,100.0,0
8.19,6.74,5.73,1.96,4.6,88.54,1
5.89,0.72,9.5,1.34,3.38,1.32,1
9.95,1.62,8.2,2.66,0.24,44.85,1
6.13,6.49,5.63,0.78,0.68,70.62,0
4.62,6.38,4.16,0.65,3.46,38.35,1
7.24,9.35,4.47,2.51,0.38,100.0,1
9.93,8.47,6.22,1.88,1.77,93.65,1
8.62,9.98,5.43,0.18,2.98,90.57,1
5.47,3.29,7.58,0.55,0.83,23.81,1
9.24,6.94,1.36,0.08,2.79,91.96,0
7.58,4.35,9.31,0.86,3.4,47.92,1
9.74,9.81,7.65,1.4,1.1,97.85,1
8.42,2.22,5.06,1.39,4.13,51.71,0
7.86,6.5,3.43,1.12,0.23,88.53,0
6.6,4.38,3.21,0.63,2.94,68.57,0
4.39,7.68,4.39,1.14,2.16,53.16,1
5.93,7.58,9.46,1.98,2.16,64.75,1
6.49,5.25,3.86,0.31,2.07,63.53,0
6.46,5.57,9.38,0.11,3.11,20.39,1
4.12,2.5,2.07,0.65,1.37,18.52,1
7.17,0.01,2.46,0.28,2.75,35.58,0
7.29,2.22,1.22,2.82,0.54,73.25,0
4.88,9.81,6.56,1.83,4.93,49.37,2
9.85,2.04,6.61,1.26,1.92,46.73,0
4.9,9.97,4.41,1.95,4.84,70.66,2
9.54,5.68,7.34,0.45,2.67,66.61,1
6.74,1.55,3.2,2.56,0.17,50.58,0
10.0,0.07,2.45,2.02,0.3,42.04,0
8.1,5.88,4.29,2.09,2.97,88.6,0
7.38,8.82,7.0,1.42,1.61,85.2,1
5.47,0.11,9.88,0.67,4.07,0.0,1
5.7,4.18,3.92,2.4,4.79,51.07,1
4.92,7.77,2.33,2.74,2.59,70.96,1
4.94,0.12,3.23,2.74,3.99,4.57,1
4.6,5.92,3.31,1.63,1.6,47.78,1
7.44,1.83,5.22,1.95,0.64,57.42,0
7.03,8.2,6.89,2.13,3.58,86.8,1
7.68,2.78,1.9,1.82,0.33,64.19,0
4.36,5.49,2.44,1.83,3.95,42.31,1
5.86,5.49,6.07,1.42,3.28,45.67,1
9.88,0.98,8.46,1.78,1.22,19.25,1
4.51,7.74,6.31,0.33,0.4,48.62,2
5.76,8.89,7.86,2.09,1.39,73.36,2
9.69,0.92,3.94,0.7,1.97,22.71,0
6.85,5.71,3.83,0.42,1.33,86.11,0
7.61,3.78,8.11,0.19,1.27,31.3,1
9.91,7.06,6.56,0.01,0.92,77.68,1
6.28,9.24,7.88,1.34,3.75,64.95,1
6.77,6.43,9.27,0.75,4.43,62.59,1
7.89,7.83,6.53,1.49,3.09,88.17,0
5.29,2.7,6.38,1.33,1.22,27.64,1
6.24,4.46,4.69,0.55,3.66,49.85,0
4.1,9.64,8.34,2.17,4.35,44.72,2
6.02,6.11,6.48,0.8,1.11,72.19,0
7.96,7.81,7.85,0.95,1.03,78.08,1
7.28,9.19,8.87,2.75,4.25,81.85,1
6.79,0.47,1.75,1.17,1.29,39.39,0
9.72,1.95,9.63,2.28,3.2,36.98,1
5.99,6.46,2.68,2.81,1.51,84.13,0
8.27,6.56,5.06,1.9,0.8,87.95,0
5.62,2.73,2.46,1.0,1.66,52.74,0
5.14,1.93,5.88,0.39,3.44,5.11,1
6.56,9.01,1.88,0.13,3.61,100.0,1
9.06,0.57,7.99,1.13,1.52,24.66,1
9.98,0.64,8.44,1.92,3.68,30.76,1
9.15,1.84,1.01,1.8,1.77,71.0,0
5.12,3.32,1.63,0.17,4.58,42.64,1
9.89,9.64,2.28,2.14,3.0,100.0,0
4.58,1.89,1.69,1.81,4.93,15.62,1
8.26,9.85,7.1,0.12,4.34,99.1,2
4.03,5.07,9.43,0.77,2.46,5.0,2
4.35,0.81,7.54,2.59,0.72,5.36,2
5.17,0.27,5.98,2.1,3.24,11.49,1
7.33,0.94,2.39,2.8,3.81,54.67,0
9.5,6.49,9.35,1.25,0.02,65.13,1
4.66,0.95,4.17,2.1,3.95,20.77,1
4.88,7.48,4.19,0.04,1.4,50.1,1
5.65,8.12,7.84,2.09,0.7,64.84,2
8.06,1.95,6.83,1.45,2.2,59.58,0
7.11,1.0,2.48,0.4,4.77,38.36,1
6.13,3.22,9.08,1.69,4.6,14.6,1
4.69,5.56,4.11,2.41,4.4,50.58,1
9.83,5.53,3.44,1.47,0.19,81.15,0
4.61,3.09,6.09,0.13,0.4,4.5,2
4.43,4.77,4.05,0.68,0.94,34.95,1
9.71,1.4,9.64,1.78,3.21,32.67,1
8.22,8.2,5.35,1.6,1.62,100.0,1
7.99,0.34,3.48,0.28,0.95,36.78,0
7.77,4.21,1.81,1.3,1.76,68.35,0
7.47,4.92,5.38,2.9,3.78,61.36,0
6.88,0.26,9.48,0.96,1.28,14.06,1
4.37,0.26,6.4,0.21,4.67,0.0,2
7.28,6.17,3.63,0.19,3.69,80.78,0
4.51,3.11,1.11,1.3,3.54,25.84,1
7.63,8.47,4.66,2.55,2.53,95.62,0
9.66,2.75,1.24,0.73,1.83,59.94,0
7.15,8.83,3.63,1.56,1.7,100.0,0
4.95,1.04,5.53,2.02,3.98,10.61,1
8.64,3.93,1.3,0.35,0.19,77.88,1
6.97,3.56,6.05,1.44,3.39,45.16,0
5.91,3.46,6.27,1.79,1.57,36.92,1
8.16,6.47,2.22,1.32,4.46,86.68,0
9.13,1.63,5.57,1.27,0.05,47.84,1
6.73,9.54,3.58,2.6,4.61,100.0,1
5.22,6.85,5.94,2.83,2.2,68.53,1
4.83,6.99,9.77,0.09,3.7,30.02,2
4.45,1.1,7.23,1.94,0.34,7.49,2
7.14,9.07,8.9,2.44,2.58,90.27,1
7.04,1.01,6.93,0.4,2.56,19.1,1
5.8,2.32,6.58,2.36,0.29,46.63,1
9.16,3.42,6.93,1.21,0.77,54.96,0
4.52,8.78,9.32,2.46,2.81,40.34,2
9.91,2.48,1.68,1.69,1.64,70.62,0
4.04,5.96,3.38,0.56,0.2,36.41,1
9.27,3.37,7.11,2.27,1.64,44.44,1
8.15,5.59,1.01,0.11,4.95,78.23,1
9.63,9.02,1.18,2.38,2.26,100.0,0
4.04,2.88,7.76,2.38,3.1,4.71,2
5.86,9.67,4.95,1.34,2.76,83.57,1
7.32,4.32,8.44,2.73,4.66,58.22,1
6.65,7.05,8.54,1.69,3.5,78.34,1
5.25,4.98,6.29,0.01,4.28,18.28,1
4.77,8.16,7.45,2.27,1.96,53.71,2
6.48,5.71,1.01,1.93,3.59,71.62,0
6.98,8.1,7.13,0.83,4.8,80.12,2
9.93,9.71,9.27,2.27,3.05,100.0,1
7.26,7.65,5.69,2.6,0.55,97.64,0
7.04,4.32,1.98,0.46,4.19,71.09,0
4.29,0.16,5.26,0.49,3.53,0.0,2
5.37,5.92,2.39,0.91,4.44,66.65,0
9.32,2.25,3.97,1.41,2.4,66.84,0
4.69,8.52,8.77,1.66,1.72,38.89,2
5.75,7.99,5.48,2.78,3.11,79.64,1
8.27,5.04,9.14,0.55,4.87,55.84,1
9.16,4.83,8.53,0.92,3.81,46.56,1
5.84,4.46,3.9,1.16,4.1,47.74,0
8.47,0.74,7.89,2.38,2.01,44.18,1
9.49,8.01,4.51,1.45,3.9,97.51,0
8.82,3.28,8.25,0.26,0.22,46.0,2
9.22,8.83,9.56,1.31,1.43,83.07,1
7.01,2.2,9.42,0.01,0.72,10.5,1
5.19,2.26,6.9,0.98,3.08,15.37,1
7.62,6.95,4.29,0.48,1.6,74.8,0
7.73,2.78,5.06,2.51,3.34,59.44,0
9.31,6.72,6.78,0.57,0.53,82.91,0
7.59,4.16,6.3,0.19,4.11,34.98,1
8.83,5.34,3.49,0.09,4.08,59.53,0
4.31,7.56,4.15,1.17,1.24,69.7,1
5.78,2.1,3.78,0.61,1.59,36.58,0
4.95,4.17,8.92,0.17,1.06,11.74,2
9.34,6.79,3.16,1.26,1.06,94.39,0
6.28,5.76,4.24,1.83,1.48,62.94,0
8.74,8.78,3.9,1.71,1.39,100.0,0
8.43,1.71,4.83,1.46,0.92,58.19,0
6.09,9.52,6.54,1.14,0.19,75.42,1
4.55,5.43,7.77,1.27,1.5,23.68,2
4.15,4.3,8.95,0.73,2.87,14.34,2
4.36,1.53,3.98,2.01,2.2,7.63,1
9.21,7.58,9.93,2.26,4.26,80.62,1
8.38,8.02,9.41,1.43,3.19,77.37,1
9.11,4.31,8.38,2.4,4.81,40.41,1
8.26,7.57,9.43,2.72,2.87,92.69,1
5.0,9.75,3.3,2.17,3.98,90.9,1
5.27,1.89,8.71,1.53,0.45,8.56,2
5.5,8.76,3.79,0.6,0.42,74.05,1
6.7,7.51,5.18,1.03,1.31,87.89,0
9.57,1.65,9.89,0.98,0.44,19.14,1
4.35,7.9,5.61,1.01,3.31,50.91,1
9.64,9.61,7.13,2.45,3.96,100.0,1
8.23,0.78,7.82,2.89,0.42,49.55,1
9.6,2.26,5.72,2.78,4.8,49.94,1
6.09,6.98,2.99,0.97,0.12,78.71,0
7.37,6.53,6.84,2.34,2.08,78.58,0
4.09,2.07,3.81,0.53,0.1,15.95,1
8.0,6.3,9.42,2.39,2.84,68.65,1
7.38,0.62,4.88,1.17,2.14,27.93,0
8.11,8.41,7.92,1.88,2.69,86.68,1
8.34,5.45,3.44,0.98,4.68,64.13,0
6.86,6.21,4.72,1.41,1.45,73.53,0
8.11,0.4,8.16,0.85,3.41,15.82,1
7.92,6.08,9.63,1.53,3.66,62.31,1
5.42,2.83,4.82,0.83,1.83,31.36,0
7.62,2.2,8.24,1.31,3.53,28.49,1
6.82,0.28,7.08,1.03,4.75,6.37,1
7.38,2.57,6.58,1.4,1.85,37.26,0
4.67,1.2,9.99,1.24,0.01,0.84,2
4.12,4.19,7.46,2.74,3.56,11.25,2
9.85,0.39,9.88,2.55,4.64,18.5,1
4.85,6.63,5.64,1.57,4.62,24.56,2
5.87,4.0,2.2,0.58,0.72,52.43,0
8.23,5.3,4.37,2.01,4.06,77.56,0
7.28,8.2,5.6,1.42,4.33,87.04,1
6.38,3.05,5.67,1.63,3.3,38.45,0
5.31,8.67,4.11,2.77,1.04,93.98,1
7.22,8.29,2.25,2.73,2.66,100.0,0
7.06,0.36,5.47,0.79,1.71,24.95,0
6.99,0.93,1.66,0.56,0.95,35.72,0
5.07,8.82,2.89,0.27,4.38,64.35,1
6.55,9.59,9.5,2.14,0.34,79.66,2
9.93,9.47,1.95,1.19,1.58,100.0,0
8.17,2.74,4.1,0.27,2.49,48.16,0
6.59,1.43,9.58,0.43,2.61,21.33,1
4.46,2.02,1.49,0.42,2.47,15.18,1
4.52,4.41,6.23,0.7,1.86,14.08,1
5.32,4.67,9.91,2.99,4.9,34.67,2
4.48,3.24,3.14,0.04,0.48,40.17,2
6.04,1.8,7.44,1.07,4.26,29.71,1
7.23,1.84,5.46,0.46,0.81,33.62,1
5.58,1.72,9.37,0.13,2.83,4.01,2
5.5,4.53,1.79,2.16,1.11,62.06,0
5.89,9.02,8.17,2.84,3.26,70.95,2
6.88,9.05,5.6,1.07,3.2,90.28,1
4.74,3.93,3.82,2.54,1.89,48.47,1
6.65,7.54,2.22,2.77,2.4,100.0,0
5.45,2.65,4.3,2.15,4.75,41.55,1
7.28,4.49,8.45,2.55,1.47,55.67,1
6.37,8.0,9.7,2.11,0.81,60.86,1
4.71,7.89,3.53,2.09,4.55,66.05,1
6.36,6.47,4.78,0.52,0.15,65.51,0
7.9,5.74,2.41,1.35,1.85,91.27,0
8.38,3.1,5.86,2.77,2.7,57.6,0
4.44,1.78,1.91,2.29,4.18,13.45,1
5.32,3.23,6.32,1.87,3.43,29.33,1
5.77,6.59,6.04,0.92,4.54,55.63,1
8.27,7.28,9.24,1.56,1.61,83.53,1
8.62,5.0,7.91,0.8,2.95,39.64,1
5.91,4.84,9.56,2.39,4.44,36.86,1
9.98,1.53,5.67,1.44,3.99,41.2,0
8.39,6.27,4.85,1.53,2.55,83.73,0
7.02,8.56,7.38,2.39,1.95,88.49,1
4.2,3.83,5.27,0.77,0.16,19.06,2
6.61,4.16,3.25,1.61,2.19,71.6,0
7.49,0.06,9.17,0.21,2.25,1.63,1
7.14,2.8,8.74,1.19,3.19,16.41,1
4.12,4.04,5.83,1.38,4.81,10.48,2
9.97,2.95,8.1,1.67,3.06,50.98,1
7.92,8.99,7.53,0.38,3.5,72.68,2
9.51,8.07,1.94,0.4,0.35,97.78,1
4.48,7.24,5.97,2.51,1.4,55.14,1
4.7,8.85,2.58,0.31,1.03,67.22,2
4.63,6.14,7.72,2.25,0.95,44.99,2
6.69,2.02,7.29,1.07,2.25,37.24,1
7.41,1.86,7.11,0.21,4.88,25.44,2
5.09,0.14,4.01,0.46,1.09,4.26,1
7.62,1.76,6.01,0.77,4.88,26.75,1
8.39,7.73,1.6,0.52,1.92,100.0,0
7.93,7.83,8.45,1.43,2.54,93.93,1
5.58,8.54,1.19,0.59,4.0,71.16,1
4.9,1.87,5.78,2.54,0.35,22.04,2
6.79,9.56,3.51,2.88,4.44,100.0,0
8.9,6.86,5.61,1.27,4.08,80.66,0
8.54,9.98,5.31,2.42,4.31,100.0,1
4.25,4.05,8.71,0.87,3.5,5.56,2
6.13,6.16,2.17,2.69,0.78,83.23,0
5.3,9.94,6.44,0.25,0.33,64.11,2
7.54,8.1,4.63,1.33,2.95,96.3,0
8.13,4.72,7.42,2.99,1.75,69.33,1
4.75,5.54,4.1,2.82,3.14,52.41,1
8.79,2.59,8.38,0.01,3.1,33.44,1
8.73,8.54,4.57,2.47,2.75,100.0,0
4.35,2.02,5.96,0.18,3.71,0.0,2
9.52,1.02,9.46,0.2,2.37,23.0,1
4.42,0.18,1.22,1.53,4.06,7.97,1
4.75,5.69,3.11,2.19,4.75,49.99,1
9.26,5.2,8.49,0.55,0.34,54.65,1
4.31,8.92,7.22,2.86,1.57,43.9,2
8.45,2.43,5.88,1.98,4.89,44.98,1
6.85,5.89,2.32,1.3,1.42,93.12,0
7.07,1.66,6.31,0.51,3.62,29.93,0
9.38,0.26,5.7,0.96,1.13,39.56,0
9.05,9.15,3.73,0.46,3.6,94.14,1
5.21,7.6,5.67,1.96,1.8,66.28,1
5.08,7.57,2.41,2.33,3.99,94.05,0
4.12,2.73,5.22,1.79,4.6,11.17,2
9.25,1.63,4.34,0.16,3.71,37.76,0
5.54,7.75,5.81,0.04,0.01,66.34,2
5.83,1.8,6.52,0.69,2.96,16.37,1
5.12,1.38,3.13,0.09,1.54,24.88,1
8.99,3.72,6.18,1.7,4.14,59.05,0
5.78,3.02,1.37,0.94,4.39,42.7,0
4.66,4.58,4.43,1.47,2.77,35.98,1
9.05,9.74,6.88,1.98,2.64,94.21,1
4.89,5.84,1.4,2.47,2.1,61.67,1
5.96,9.69,2.57,0.45,0.83,83.96,1
9.95,2.35,9.15,0.84,3.24,35.68,1
6.97,6.55,5.83,0.71,4.14,52.5,0
6.76,6.36,8.11,0.72,4.32,58.08,1
8.65,1.12,3.6,1.6,2.62,46.49,0
9.98,1.07,3.44,1.07,2.39,39.88,0
9.14,7.71,1.17,1.37,3.09,95.8,0
4.78,3.97,4.7,0.56,3.78,29.6,1
7.53,5.16,8.9,0.37,0.57,51.45,1
6.59,2.99,7.87,0.74,0.42,39.09,1
8.64,8.51,7.6,1.67,3.62,78.78,1
5.41,5.51,7.94,0.95,3.27,28.06,1
7.02,0.9,7.0,2.6,0.71,49.84,0
4.29,0.3,9.91,1.48,1.78,0.0,2
9.88,2.52,7.53,0.85,0.35,46.83,1
4.01,6.76,3.25,2.24,3.85,45.42,1
4.15,7.04,9.91,0.73,1.37,22.98,2
4.96,6.61,7.8,0.11,2.77,36.51,2
5.82,8.76,2.46,1.09,4.24,79.51,1
8.93,0.79,5.4,0.23,3.39,25.74,1
9.1,9.81,7.05,2.31,2.53,100.0,1
7.86,8.84,3.12,1.49,3.65,100.0,0
5.27,9.78,4.91,0.55,1.66,77.16,1
7.74,9.23,9.88,1.96,3.5,75.33,1
9.14,2.18,1.96,2.92,4.32,69.43,0
8.05,4.67,3.91,0.86,0.68,82.69,0
6.68,5.12,2.94,2.82,3.19,79.11,0
4.66,6.23,8.65,0.99,0.98,29.57,2
5.64,4.47,3.93,0.81,3.24,41.7,0
6.04,6.9,2.58,0.66,1.0,76.98,0
6.84,0.39,3.46,2.98,4.59,47.63,0
5.86,4.64,8.6,2.41,0.63,26.32,1
9.22,8.82,1.97,1.72,0.78,100.0,0
9.5,4.55,1.75,1.74,2.04,88.77,0
6.04,8.75,3.46,0.47,1.53,88.35,1
5.69,6.6,2.28,0.33,0.66,77.3,1
9.25,9.44,1.42,2.28,3.69,100.0,0
6.72,8.57,7.56,1.41,1.22,82.59,1
9.13,4.0,7.02,1.2,2.39,49.92,1
8.65,9.78,5.0,1.03,1.87,100.0,0
5.78,0.86,4.85,0.5,1.73,18.51,0
5.48,6.12,9.11,1.7,0.97,61.39,1
7.54,5.07,2.34,1.34,2.72,80.83,0
7.67,0.7,4.03,2.41,1.3,61.69,0
6.46,3.16,9.25,1.03,1.18,17.43,1
8.48,6.82,1.45,0.39,3.19,100.0,0
5.35,7.79,3.57,0.21,0.18,68.5,1
7.7,8.69,2.0,0.59,2.65,97.88,0
6.9,9.24,5.9,1.25,4.95,86.07,1
9.59,5.02,5.53,2.77,2.54,72.13,0
5.63,6.59,6.13,0.64,3.55,50.0,1
6.38,0.04,5.02,0.02,0.37,4.94,1
4.49,2.76,6.9,0.93,4.99,6.69,2
7.51,9.67,8.81,0.96,3.75,85.19,1
8.11,4.91,1.15,0.82,4.78,81.27,0
5.09,1.88,5.31,2.53,3.79,22.42,1
5.25,0.46,5.16,2.44,3.65,15.3,1
7.57,4.36,6.21,1.55,3.4,57.55,0
9.64,4.28,1.14,0.71,2.5,82.69,0
7.31,7.15,3.47,1.99,3.52,95.73,0
6.41,1.79,4.73,2.36,4.54,40.31,0
5.8,6.82,7.66,1.0,4.13,52.65,1
4.06,1.23,2.4,2.64,2.12,21.84,1
6.57,3.95,3.71,0.41,3.28,52.44,0
8.65,2.02,7.58,2.42,0.63,36.85,1
9.7,4.63,6.67,0.07,1.39,55.74,1
9.32,2.71,7.98,1.99,0.58,39.81,1
5.43,4.43,6.72,1.3,1.22,53.52,1
7.51,5.19,5.99,0.67,3.4,61.56,0
6.18,1.5,6.37,1.81,1.7,17.92,0
9.07,1.09,7.26,1.18,5.0,35.03,1
5.68,4.42,3.42,2.08,2.4,48.62,0
7.04,8.89,8.13,1.5,1.44,90.05,1
9.27,7.1,6.15,2.64,0.61,97.23,0
5.3,1.21,5.19,1.16,4.71,6.78,1
8.89,7.49,7.01,2.76,2.04,88.97,1
5.65,8.8,5.27,1.02,1.08,85.4,1
8.3,2.87,7.82,1.89,3.94,44.5,1
7.79,1.54,4.27,2.17,3.16,52.92,0
9.15,0.53,6.36,2.95,2.66,42.29,0
7.57,7.83,6.9,2.07,1.14,81.85,0
5.43,9.81,3.05,0.71,4.29,64.96,1
6.17,7.15,2.43,0.48,2.43,65.53,0
5.41,0.09,4.33,0.95,0.16,10.73,1
7.76,0.71,3.85,2.62,2.91,45.3,0
6.79,2.08,8.31,2.74,4.55,21.56,1
5.86,1.61,3.76,1.0,3.17,20.48,0
9.52,1.03,1.06,2.56,3.52,50.47,0
7.57,2.24,2.52,1.41,1.77,62.3,0
5.31,6.63,7.9,0.5,0.22,53.62,2
8.64,6.51,7.32,1.21,1.17,74.83,1
5.23,7.26,2.77,0.87,2.53,77.62,0
7.61,4.37,9.28,2.52,4.4,50.43,1
7.81,6.09,4.91,0.97,2.96,72.42,0
4.04,8.52,1.42,1.57,3.07,72.36,1
9.37,1.9,8.96,2.29,1.2,35.2,1
5.9,3.98,3.21,3.0,1.15,72.53,0
4.95,9.8,3.03,1.27,2.79,83.2,1
8.9,2.75,5.94,1.65,3.01,51.47,0
5.01,1.61,3.72,0.43,4.61,15.34,1
7.74,3.57,3.49,1.51,1.47,75.39,0
6.72,5.06,9.86,0.67,2.44,42.31,1
6.1,7.17,2.57,1.74,2.08,85.68,0
9.6,4.14,8.06,1.25,4.69,44.65,1
6.47,7.59,4.09,1.09,4.97,70.19,0
8.14,6.43,8.45,2.59,2.82,80.34,1
4.14,6.14,8.43,1.35,0.82,33.31,2
7.06,8.37,2.55,1.84,3.77,99.59,0
4.7,9.26,6.41,2.3,0.27,63.57,2
7.74,3.07,4.88,1.66,2.76,57.78,0
6.64,2.14,9.25,2.93,1.5,41.34,1
5.32,4.78,8.87,1.5,0.28,34.84,2
5.36,8.43,6.59,1.69,1.59,72.47,1
5.99,8.35,9.06,1.45,4.47,49.04,2
7.95,0.88,5.27,0.65,0.31,36.64,1
5.95,5.9,5.1,0.91,4.96,44.17,1
4.75,4.15,6.84,2.2,1.83,36.77,1
4.74,3.32,7.45,1.88,4.19,14.3,2
5.05,0.48,2.73,0.01,2.52,11.32,1
7.95,3.85,1.03,2.02,0.27,79.17,0
4.14,5.3,9.05,1.72,3.04,14.38,2
4.73,6.75,8.92,2.92,2.22,51.75,2
8.52,5.43,3.32,0.52,0.85,67.27,0
5.02,0.2,1.47,2.79,0.36,29.98,1
6.71,2.45,9.66,2.73,2.02,25.46,1
6.25,0.38,3.64,0.37,0.51,14.3,0
4.59,1.03,5.32,1.33,0.69,4.74,1
5.16,2.36,8.2,2.75,2.03,22.95,1
8.27,6.27,2.66,0.32,2.19,92.08,0
4.83,2.93,3.75,0.78,2.3,18.41,1
7.06,2.01,1.93,2.47,2.4,63.54,0
5.55,8.04,7.77,2.63,3.01,56.97,2
6.56,1.94,6.86,1.76,0.77,36.6,0
6.21,0.5,3.95,2.61,4.58,36.81,0
9.74,8.75,8.43,2.58,1.91,96.98,1
7.46,7.2,2.6,2.19,4.79,91.71,0
9.92,3.78,2.8,0.34,3.92,56.5,0
5.84,6.08,3.99,1.35,4.31,66.46,0
8.57,5.83,9.92,0.72,1.31,66.39,1
7.32,6.13,7.53,1.01,0.06,69.05,1
9.99,2.95,2.66,0.85,2.13,63.71,0
7.83,3.45,4.56,0.12,4.59,52.02,1
5.97,0.86,6.71,2.59,0.21,23.53,1
4.88,6.02,9.29,1.31,1.72,26.21,2
8.46,2.47,2.45,1.07,3.88,64.09,0
8.0,8.29,3.49,1.02,0.21,100.0,1
7.49,2.98,1.62,2.17,3.74,71.1,0
5.22,9.13,7.78,1.97,3.25,61.2,2
9.57,5.96,4.75,1.09,4.1,73.19,0
4.46,1.42,9.1,2.65,4.76,0.0,2
8.7,8.28,3.84,0.44,4.99,85.45,1
7.58,6.5,7.14,0.77,3.61,78.74,1
8.97,2.19,7.27,2.35,0.94,35.12,1
8.67,0.86,2.72,1.37,4.65,31.39,0
6.33,9.78,5.17,1.3,2.06,99.0,1
5.95,6.88,1.37,2.05,1.01,90.45,0
4.88,5.53,7.56,1.06,0.82,24.15,2
8.91,2.68,7.97,0.99,0.94,44.63,1
6.81,0.31,9.64,0.44,1.77,5.84,1
6.94,7.85,1.05,2.8,3.23,100.0,0
8.9,9.28,6.41,1.07,2.21,96.06,1
6.56,7.32,1.83,2.49,1.02,100.0,0
4.93,1.29,8.31,2.46,3.69,0.0,2
5.62,8.27,4.17,1.61,2.23,72.94,1
7.45,7.48,2.57,2.79,2.65,100.0,0
7.88,1.92,1.57,2.06,0.55,73.24,0
8.44,0.55,8.29,2.39,0.71,35.23,1
4.58,6.33,1.57,2.83,1.04,73.69,1
4.77,2.1,5.06,1.72,4.99,7.31,2
4.0,3.5,4.3,2.65,4.56,24.7,1
4.86,4.12,7.71,0.94,3.32,27.37,2
5.94,8.6,3.25,2.89,1.53,91.96,1
5.53,1.71,5.56,0.34,3.13,12.65,1
6.4,7.86,6.32,0.3,2.69,68.69,1
5.96,1.1,9.83,0.53,0.96,0.0,1
7.42,4.44,3.25,1.29,3.37,70.62,0
9.49,3.06,2.78,2.86,4.05,57.57,0
9.05,5.19,4.12,2.52,3.76,79.51,0
7.64,3.69,1.01,2.89,2.75,88.97,0
7.6,5.51,3.61,2.91,3.11,91.16,0
6.73,2.88,1.58,1.05,0.88,61.65,0
9.27,3.03,4.0,2.01,0.75,72.23,0
6.18,1.01,2.57,2.8,1.24,36.47,0
4.94,1.94,8.91,0.44,0.09,0.0,2
9.18,3.26,2.15,2.95,3.38,63.04,0
8.51,6.98,4.46,0.97,3.58,91.55,0
9.7,5.69,3.65,1.47,3.07,86.45,0
8.75,5.85,1.08,1.71,3.17,83.26,0
6.48,5.74,5.27,1.59,0.34,64.09,1
9.46,5.48,6.01,0.17,2.99,56.01,1
8.25,0.47,7.4,0.86,3.26,22.21,1
5.36,4.4,8.52,1.82,0.34,31.27,2
5.87,6.42,6.53,0.03,3.04,54.16,1
8.61,0.59,3.73,1.26,0.9,35.18,0
4.43,1.13,7.02,0.79,3.56,0.0,2
7.38,3.91,8.17,2.35,1.88,43.07,1
4.49,4.35,2.64,2.65,2.22,51.76,1
6.16,2.89,2.83,2.74,4.0,49.9,0
8.48,4.19,1.14,1.59,0.65,82.51,0
8.18,2.57,9.03,1.97,4.16,30.59,1
9.21,3.62,5.94,1.55,4.52,55.7,1
7.47,7.54,4.33,2.6,1.87,100.0,0
7.5,4.21,1.14,0.21,0.98,72.71,0
9.35,5.46,1.95,1.6,4.28,95.05,0
4.74,9.01,8.69,0.16,4.12,41.14,2
4.38,7.59,5.83,1.24,4.52,34.76,2
4.35,6.16,7.95,1.65,4.92,21.37,2
4.62,1.98,8.44,2.99,0.49,6.34,2
8.58,0.64,1.62,2.67,4.0,50.04,0
7.9,3.23,9.16,0.9,1.38,38.0,1
8.08,8.96,2.4,2.86,3.06,100.0,0
9.48,3.81,7.48,1.92,3.94,53.23,1
8.08,0.68,2.65,2.86,4.84,56.1,0
4.22,3.82,7.84,2.26,0.43,38.79,2
4.86,4.93,3.16,0.16,0.4,42.09,2
8.47,9.32,5.23,1.24,1.79,93.85,1
6.11,7.46,8.21,2.63,1.21,73.86,1
5.34,0.38,7.37,1.65,3.62,7.71,1
9.97,9.94,5.18,2.6,1.22,100.0,1
9.28,8.15,8.31,1.39,4.1,74.62,1
4.79,1.14,7.95,1.88,2.6,0.0,2
7.96,3.96,4.73,1.82,3.8,66.09,0
7.05,7.27,7.35,2.49,0.31,86.54,1
7.08,0.75,7.11,2.15,2.62,30.23,1
5.8,2.02,4.16,1.23,3.48,22.0,0
8.33,1.74,4.3,0.48,3.43,55.03,0
7.15,7.92,7.04,0.9,1.66,82.74,1
7.3,0.96,8.87,1.54,2.37,25.42,1
6.26,3.33,3.44,1.7,2.31,50.95,0
9.65,2.19,1.9,2.36,4.97,51.82,0
4.14,2.51,1.39,2.46,2.91,33.28,1
7.33,2.52,6.41,0.09,3.23,21.29,1
8.04,3.32,8.44,2.15,0.64,62.21,1
7.82,2.89,2.07,0.46,0.83,50.63,0
7.64,1.76,7.41,0.84,1.56,36.27,1
8.71,9.6,5.43,0.13,1.3,99.48,1
9.06,0.85,9.7,1.77,2.59,12.76,1
4.17,7.77,2.05,2.52,2.65,68.47,1
9.0,0.27,2.25,2.39,2.32,47.18,0
7.81,6.24,3.63,0.4,4.81,92.99,1
7.17,2.73,3.38,1.78,3.99,52.94,0
9.21,2.93,5.19,0.03,3.73,45.18,1
7.37,1.69,8.37,2.45,4.39,27.73,1
9.95,2.48,3.78,0.75,1.34,57.71,0
5.44,3.94,6.9,2.51,3.46,47.04,1
4.89,8.16,1.34,0.79,0.29,59.49,2
6.21,6.52,4.12,1.37,2.29,67.45,0
6.58,6.41,5.91,0.23,3.34,53.9,1
4.09,1.56,5.48,0.93,3.47,15.31,1
8.64,2.86,6.59,2.4,1.93,44.6,0
7.21,9.95,9.72,0.66,3.78,71.25,1
4.96,6.66,5.51,1.62,4.14,50.61,1
8.0,3.66,1.38,1.13,4.75,76.59,0
4.65,6.88,9.67,2.72,2.86,38.07,2
7.48,8.16,8.75,2.46,2.28,89.25,1
4.37,4.99,6.9,2.56,3.91,43.8,1
8.56,7.03,1.09,1.88,0.6,100.0,0
4.94,8.23,7.69,2.85,4.89,42.53,2
4.8,8.78,8.55,2.61,0.76,66.05,2
9.54,1.74,4.32,1.37,0.62,49.55,0
9.96,8.77,9.21,0.85,1.1,89.07,1
6.72,0.06,8.01,2.99,2.64,21.51,1
6.36,0.96,3.4,1.51,2.16,35.62,0
9.09,2.25,1.25,0.11,0.67,61.54,0
8.85,8.87,6.72,1.21,0.77,92.34,1
5.99,8.7,5.38,0.68,1.44,68.51,1
9.51,0.5,1.12,0.55,4.05,40.6,0
7.76,3.58,1.62,2.57,0.96,84.13,0
7.44,0.83,1.86,2.4,2.46,62.46,0
6.09,7.29,1.6,0.35,3.08,62.43,0
9.83,3.75,1.59,1.61,3.19,77.0,0
7.32,1.98,8.6,2.51,2.15,26.91,1
9.88,1.29,4.31,1.8,0.42,51.86,0
5.57,9.52,4.7,2.29,1.93,84.69,1
9.18,0.0,1.5,1.09,3.43,29.79,0
4.4,3.18,3.2,0.02,2.67,0.0,1
5.72,6.41,7.53,0.79,1.65,36.4,1
9.74,1.91,2.65,1.34,0.95,61.04,0
4.58,6.4,6.51,1.95,3.87,46.07,1
9.51,7.33,8.24,2.16,1.79,81.31,1
6.54,0.97,5.06,0.13,0.02,22.86,1
8.14,5.62,4.07,1.71,4.46,78.03,0
7.61,4.6,4.11,2.1,4.9,72.7,0
6.35,4.28,4.83,2.97,3.53,68.8,0
6.23,4.31,1.33,1.58,4.06,65.48,0
5.19,7.28,7.48,0.79,3.11,43.38,1
9.04,1.36,2.75,1.46,0.22,52.26,0
8.73,1.49,5.14,2.97,2.53,52.25,0
4.88,6.77,4.56,0.87,0.16,47.17,1
4.19,7.5,4.44,1.8,1.24,61.99,1
7.2,6.96,2.76,1.31,2.22,82.7,0
7.39,1.46,5.59,0.34,2.43,25.2,1
6.71,4.34,9.17,1.47,4.09,32.51,1
6.11,0.75,4.79,2.01,4.19,16.28,0
7.84,1.77,1.33,2.38,0.84,75.74,0
9.63,9.64,6.55,1.14,4.17,92.55,1
6.58,3.57,9.21,2.76,3.25,59.75,1
6.89,2.45,8.96,0.42,0.27,23.27,2
6.72,8.38,1.67,2.4,0.19,100.0,1
6.77,2.21,6.34,0.08,0.18,24.12,1
5.26,6.56,7.75,0.18,3.85,40.2,2
6.34,0.87,8.55,1.68,2.52,2.06,1
6.01,8.91,7.48,2.79,4.54,92.76,2
4.79,7.96,8.24,1.93,1.39,37.06,2
5.23,5.0,5.69,0.49,3.61,30.75,1
8.16,8.49,4.14,2.13,0.78,100.0,0
9.71,1.53,7.23,1.52,2.66,46.96,1
6.93,6.0,3.08,1.14,4.33,85.82,0
7.59,1.84,8.62,1.74,2.02,27.21,1
7.06,4.69,7.72,1.14,2.14,38.93,1
4.91,7.14,8.86,2.72,4.4,53.7,2
5.7,6.38,9.59,2.18,2.47,53.05,1
8.64,9.19,7.87,1.3,1.37,85.06,1
7.05,4.72,4.13,1.92,2.6,70.34,0
9.22,3.59,4.89,0.62,2.77,49.01,0
9.84,7.04,3.56,0.61,1.48,91.93,0
5.75,4.63,7.35,2.62,3.29,45.61,1
5.04,8.77,3.48,0.39,4.88,59.37,2
4.82,6.26,3.87,0.4,3.01,42.0,1
8.76,1.56,6.01,2.44,0.81,53.18,0
4.01,5.25,2.75,2.17,4.81,36.48,1
7.89,2.12,1.16,2.28,2.17,76.14,0
7.21,1.57,5.05,0.61,4.39,23.51,0
6.05,5.28,7.03,2.35,0.4,58.01,1
4.69,3.95,5.2,0.41,2.06,23.19,2
4.65,9.17,6.39,1.17,2.53,56.17,2
9.13,5.75,5.45,2.73,4.19,82.19,0
5.35,1.53,7.21,1.41,3.42,12.29,1
5.77,2.85,5.42,0.82,3.34,20.2,1
6.83,7.24,5.59,2.14,1.12,99.27,0
8.29,2.67,6.0,2.57,1.25,48.34,0
9.72,8.66,4.61,1.82,4.96,100.0,1
4.69,0.45,8.11,1.27,1.23,1.43,2
8.54,4.65,8.82,2.2,4.87,46.4,1
5.53,6.59,1.18,2.97,1.31,87.8,0
9.09,1.6,8.63,0.04,2.21,7.1,1
6.24,5.86,9.23,0.98,2.9,41.5,1
8.64,0.41,9.49,0.14,2.94,11.78,1
8.72,1.48,2.61,2.26,0.75,51.33,0
8.39,6.51,2.9,0.91,4.84,91.39,0
4.27,2.2,4.08,3.0,1.51,23.73,1
7.08,0.84,3.47,2.98,3.52,40.43,0
6.69,1.72,2.11,1.76,2.53,47.65,0
9.35,2.47,9.31,1.55,1.29,33.28,1
4.21,5.6,7.49,0.84,4.32,30.65,2
9.04,0.79,2.44,1.14,4.27,42.74,0
9.25,2.3,5.07,1.06,0.59,42.32,0
6.63,6.9,6.18,1.51,3.08,73.26,0
8.2,5.32,6.81,1.82,2.17,83.24,0
8.55,9.69,9.64,2.46,3.01,99.96,1
5.07,4.79,3.32,0.01,4.83,22.09,1
7.08,2.54,7.24,1.3,4.02,43.28,1
5.6,0.93,4.55,0.05,0.57,18.86,1
4.96,7.32,1.95,2.6,1.11,81.2,1
4.06,7.15,3.31,1.53,0.56,71.69,1
4.75,4.12,8.66,0.73,1.33,9.54,2
5.64,0.03,4.85,0.04,4.55,0.0,1
7.5,2.02,7.3,2.03,0.3,44.55,1
7.48,7.92,3.37,0.37,3.51,95.47,0
6.32,0.24,8.36,0.62,1.7,0.0,1
4.6,0.72,1.23,2.75,1.56,22.83,1
9.94,6.69,5.73,1.56,1.88,80.56,0
9.75,7.88,4.82,1.0,4.42,90.51,0
9.1,2.55,7.44,2.42,2.38,54.63,1
9.07,3.68,3.89,1.53,2.18,60.11,0
4.82,4.36,9.03,0.11,2.29,9.84,2
9.33,5.94,8.42,0.67,1.76,63.83,1
9.32,5.58,5.28,1.35,0.29,79.1,1
8.91,4.56,3.51,1.03,0.62,69.89,0
7.34,2.34,6.61,2.94,0.61,45.2,0
6.96,1.67,5.78,1.82,0.79,47.12,0
9.14,3.11,6.67,1.88,4.2,26.96,0
9.04,6.25,5.05,1.18,1.9,73.74,0
4.78,4.24,4.51,0.1,1.38,25.59,1
7.47,8.06,5.88,2.56,3.98,100.0,1
9.86,0.15,6.37,2.38,1.66,46.36,0
6.17,0.61,1.08,0.28,0.49,20.91,1
7.16,4.55,7.23,0.05,1.35,47.9,1
9.46,4.38,1.73,2.4,4.43,83.64,0
5.46,0.44,6.32,2.73,3.39,13.49,1
7.86,8.32,5.28,2.46,1.96,100.0,1
7.5,4.65,9.79,1.55,1.93,53.3,1
7.29,3.55,7.51,1.14,1.92,57.6,1
4.37,6.55,5.54,1.36,3.6,40.05,1
9.08,3.75,3.94,2.14,2.91,65.84,0
7.33,7.73,2.71,1.67,0.79,100.0,0
7.98,4.93,4.42,2.65,3.86,79.29,0
9.7,4.24,8.09,0.5,1.43,42.94,1
4.63,5.02,2.73,1.9,0.95,38.29,1
9.81,6.58,9.43,1.47,0.17,82.13,1
7.35,0.15,8.75,1.86,3.72,31.76,1
7.71,2.57,9.76,1.2,0.81,39.37,1
7.82,9.83,9.06,2.11,4.95,80.72,2
6.04,6.01,1.72,0.67,2.09,75.05,0
9.72,9.96,4.34,2.13,2.04,100.0,0
6.02,2.33,3.95,0.65,0.56,33.98,0
9.43,0.85,3.92,1.59,1.77,42.24,0
4.26,6.49,6.07,2.04,2.84,34.21,1
6.1,2.26,5.5,0.08,1.64,29.41,1
4.65,0.63,6.87,1.19,4.01,0.0,1
9.74,4.26,3.38,1.83,3.14,84.53,0
5.93,0.64,2.89,0.46,0.62,32.5,1
4.08,6.02,9.53,1.08,2.64,17.35,2
5.9,4.78,8.35,2.24,4.04,35.49,1
6.22,7.47,6.43,2.0,3.7,73.45,0
7.92,2.8,6.35,2.25,3.96,55.11,0
7.05,3.34,2.52,0.78,4.56,52.28,0
9.85,2.41,7.51,1.72,3.48,39.79,1
8.24,9.06,6.07,0.2,1.35,100.0,1
6.96,5.49,6.37,1.15,3.87,52.2,0
8.29,7.15,9.01,1.79,4.84,79.73,1
7.79,7.17,5.29,0.86,2.75,70.49,0
9.45,3.57,2.58,1.73,1.98,74.4,0
7.39,5.38,2.56,1.79,2.84,85.51,0
6.17,2.49,9.56,1.68,0.14,26.62,1
5.18,7.86,7.35,2.91,4.83,64.45,2
8.6,3.17,6.66,1.79,0.27,52.21,1
4.35,1.28,3.32,2.72,2.59,10.79,1
9.03,7.35,4.52,2.59,3.71,76.08,0
9.41,5.99,5.76,2.67,2.27,75.42,0
4.32,0.01,5.75,0.22,4.88,0.0,2
8.31,2.43,9.71,1.14,0.14,41.2,1
7.32,9.87,9.82,1.01,2.41,98.72,1
5.51,6.12,9.1,0.0,1.14,49.38,2
4.74,1.66,6.63,0.31,3.69,0.0,2
9.56,6.6,2.78,0.26,1.16,78.62,0
9.77,3.82,3.93,1.53,1.46,61.47,0
5.33,3.69,4.86,0.38,1.91,23.19,1
4.84,5.84,4.66,0.51,0.06,42.36,1
4.37,3.77,8.29,2.16,4.74,0.64,2
8.25,6.65,2.95,0.91,2.65,82.39,0
6.77,2.28,9.94,0.35,4.78,16.09,2
9.03,7.95,2.87,1.9,3.78,100.0,0
5.63,1.81,3.95,1.44,2.87,23.83,0
8.61,6.76,3.37,1.44,1.68,78.98,0
4.06,3.39,3.31,1.72,0.31,30.31,1
4.27,6.41,6.11,1.01,0.74,42.13,1
7.51,6.79,5.78,2.42,4.48,81.65,0
8.14,2.3,6.87,1.2,0.03,55.14,1
9.21,2.91,9.98,0.95,2.29,43.48,1
5.83,4.51,6.99,0.39,2.11,39.69,1
8.06,1.36,3.09,2.13,0.78,61.23,0
8.28,7.65,1.85,2.56,3.62,100.0,0
8.58,7.28,6.41,1.68,3.67,65.18,0
7.47,8.09,7.7,2.57,4.77,81.2,2
4.99,5.86,5.04,1.71,3.99,47.17,1
6.5,7.18,2.77,1.6,0.11,96.52,0
7.27,7.35,6.85,1.08,0.03,85.5,1
9.84,9.22,3.93,0.78,2.18,100.0,0
6.14,0.67,4.63,0.78,1.62,14.78,0
7.95,5.27,3.44,1.66,2.46,84.6,0
9.74,1.31,8.96,2.11,3.46,34.44,1
4.03,9.82,6.46,1.21,2.72,56.26,2
5.04,6.23,5.63,2.36,3.29,51.65,1
8.89,0.68,7.22,2.15,1.38,39.23,1
5.28,1.98,5.71,0.41,3.3,20.34,1
4.16,3.19,2.73,2.97,1.51,51.96,1
5.18,3.74,6.45,2.35,1.82,40.62,1
6.89,8.46,6.12,0.87,3.52,86.95,1
6.79,9.87,8.91,0.59,3.93,87.7,1
7.21,5.14,8.68,1.83,2.69,53.72,1
6.69,9.08,7.41,0.15,4.42,82.68,2
7.28,0.22,6.06,0.16,1.6,19.43,1
9.48,3.58,8.74,2.76,0.11,66.05,1
8.26,7.57,4.53,1.97,3.06,88.11,0
8.31,0.86,2.42,0.4,4.66,42.21,1
8.78,1.17,6.17,0.56,1.84,29.57,0
8.97,1.44,6.82,2.95,3.44,30.14,0
9.45,6.43,5.11,1.98,4.4,84.95,0
7.19,4.52,1.65,2.36,0.63,87.46,0
6.32,2.8,4.62,1.85,1.56,39.62,0
9.22,9.71,5.13,0.98,0.24,100.0,1
6.36,9.3,7.58,1.05,4.84,75.55,2
5.66,4.26,2.9,2.66,1.81,69.08,0
6.33,9.02,6.78,1.46,0.66,85.7,1
7.28,2.85,8.9,0.16,1.57,30.61,1
6.04,4.77,3.38,0.39,0.18,53.37,1
9.72,5.75,5.4,1.15,3.54,73.37,0
5.66,6.56,5.31,2.31,4.49,68.62,1
5.11,0.91,2.52,2.35,4.57,20.2,1
5.79,8.4,5.83,2.47,2.74,70.88,1
4.48,9.57,4.83,1.05,1.78,60.89,1
9.67,0.63,2.07,2.37,2.75,54.08,0
4.21,2.24,3.35,0.04,1.08,1.32,1
9.13,8.98,4.51,0.96,5.0,96.11,1
7.22,2.55,3.89,1.55,2.71,53.59,0
9.76,5.76,6.3,0.63,3.82,73.22,0
4.57,5.95,6.92,2.51,1.03,44.03,1
6.77,0.97,1.95,0.59,1.41,26.11,0
8.49,1.87,9.93,0.48,3.0,19.07,1
9.0,6.48,7.44,0.4,0.05,67.23,2
4.54,3.58,3.01,2.75,4.4,43.23,1
8.28,1.54,1.44,1.96,3.21,65.66,0
5.44,3.14,4.77,1.81,4.78,37.79,1
8.39,8.07,2.02,1.96,2.41,100.0,0
4.23,9.06,9.58,0.01,1.06,35.09,2
8.69,5.98,2.6,2.44,1.77,86.06,0
6.32,5.21,5.32,0.82,2.12,51.03,0
7.02,9.16,5.95,2.31,1.47,99.61,1
5.59,0.2,2.45,0.06,4.74,5.51,1
9.39,7.44,3.99,1.51,3.31,89.55,0
7.01,7.32,2.69,1.33,2.66,75.61,0
9.79,8.48,6.59,1.75,3.02,99.61,1
4.36,6.98,7.45,1.54,4.35,33.82,2
6.18,0.2,1.53,1.06,2.31,24.64,0
5.14,2.3,8.02,2.31,1.91,25.95,1
4.67,0.87,4.52,0.14,1.67,7.29,1
7.05,8.23,2.16,0.8,4.73,96.78,1
7.89,9.76,5.96,0.92,2.66,98.65,1
4.67,0.07,8.96,2.01,1.49,0.0,2
8.1,9.2,3.69,0.96,4.27,100.0,0
9.48,2.93,2.08,1.32,1.48,67.02,0
4.22,6.34,9.16,2.93,3.25,39.14,2
4.45,3.59,1.08,2.94,4.51,38.12,1
4.11,3.67,3.33,2.54,0.8,44.59,1
7.33,3.77,2.31,2.99,3.09,70.98,0
6.23,9.06,8.39,2.43,3.08,80.15,1
5.8,7.04,4.64,1.8,4.99,58.28,1
7.08,5.74,9.08,2.96,3.89,61.89,1
5.94,8.97,7.92,2.23,3.34,64.11,2
6.42,8.09,3.64,2.05,3.63,92.57,0
5.92,7.42,1.96,0.41,2.09,87.64,1
9.69,9.02,1.44,2.51,2.54,100.0,0
9.32,5.77,2.05,0.01,2.48,71.91,0
7.44,3.73,1.28,2.74,1.64,79.07,0
8.17,2.54,1.57,1.16,1.59,61.01,0
8.92,2.22,5.75,0.12,1.07,39.0,1
8.76,7.76,2.28,1.65,2.11,100.0,0
7.92,9.35,2.31,1.35,3.86,100.0,0
7.8,5.12,9.93,0.52,4.68,45.24,1
6.81,5.29,3.39,2.89,4.56,70.17,0
9.98,6.7,5.07,2.55,0.12,94.71,1
6.98,6.73,4.37,1.11,0.16,81.36,0
6.45,2.25,3.23,1.75,1.59,39.26,0
4.67,5.78,2.44,1.58,2.76,50.84,1
6.56,5.09,2.63,1.39,1.87,78.31,0
6.61,7.79,4.83,0.71,1.37,88.51,0
7.24,8.31,7.92,1.31,0.98,95.77,1
4.34,3.99,8.71,1.18,0.59,11.33,2
7.6,1.52,6.89,1.31,1.67,46.28,0
8.94,3.97,7.65,1.32,0.46,57.65,1
7.05,4.58,8.35,2.73,3.93,65.71,1
7.25,6.45,3.59,2.44,4.28,85.02,0
9.42,8.49,4.82,2.73,0.6,100.0,0
6.09,5.65,4.16,2.83,1.27,72.08,0
7.81,0.04,7.55,1.13,4.89,20.76,1
4.31,0.93,1.79,2.86,3.42,13.3,1
5.2,8.74,2.81,2.12,3.82,76.8,1
7.03,2.23,4.41,2.9,3.47,60.26,0
7.24,2.39,7.42,1.5,0.88,46.15,1
7.81,7.35,3.19,2.63,1.9,100.0,0
5.17,8.04,4.19,1.45,1.11,75.74,1
8.69,3.39,9.51,0.09,0.66,34.09,1
8.21,2.51,5.99,0.96,2.77,43.22,0
9.84,4.56,6.83,1.73,1.59,65.23,0
9.93,2.07,8.11,0.44,4.02,34.35,1
9.8,6.86,1.81,2.08,3.02,100.0,0
5.56,7.19,7.67,0.98,4.38,51.3,1
4.42,6.0,1.96,0.83,2.54,51.75,1
5.29,7.03,5.92,2.52,2.91,75.84,1
5.57,7.92,2.77,0.73,4.21,84.7,0
7.68,0.39,2.15,1.5,3.73,33.48,0
4.1,1.84,6.3,2.08,0.17,13.95,2
5.57,0.84,5.88,0.37,3.24,10.28,1
9.82,9.48,3.46,0.09,1.65,100.0,1
4.36,3.6,3.68,0.66,3.53,25.3,1
7.21,9.11,1.93,0.45,1.92,100.0,1
7.5,0.74,9.63,0.92,1.79,22.06,1
9.67,6.63,9.59,0.56,3.09,68.03,1
7.05,3.62,9.86,0.42,2.05,16.76,1
9.4,9.8,8.96,0.15,4.65,73.62,2
7.91,3.94,8.32,1.73,4.23,40.87,1
5.11,4.4,1.04,2.08,1.48,70.09,0
4.42,1.71,6.61,0.92,1.07,5.04,1
5.29,6.23,2.51,1.09,3.44,67.19,0
7.58,2.51,9.39,1.24,1.43,34.56,1
7.93,6.14,8.98,0.18,4.19,56.88,1
6.16,2.56,1.94,2.82,0.71,58.64,0
8.15,7.1,2.45,2.44,2.55,97.55,0
4.52,0.43,6.73,0.45,2.62,0.0,2
8.68,9.0,8.55,2.88,4.52,93.56,2
6.39,8.96,9.34,2.92,3.84,73.25,1
9.67,9.47,7.0,2.57,2.81,99.67,1
4.56,8.64,1.5,1.02,0.68,59.05,1
5.39,9.52,6.03,2.69,1.39,85.02,1
8.65,7.02,5.91,2.45,4.2,62.85,0
9.8,7.2,7.09,1.08,0.01,91.64,1
8.58,7.1,3.98,1.88,0.98,91.77,0
9.68,4.13,3.2,1.46,1.94,77.42,0
9.77,5.92,6.32,1.09,2.82,70.26,0
4.01,8.66,4.86,1.48,0.42,62.85,2
5.02,4.11,8.56,1.37,4.66,31.36,2
8.29,9.78,5.95,2.08,1.97,100.0,1
9.45,7.03,9.42,1.77,2.89,68.12,1
8.26,8.82,6.82,0.7,2.72,90.91,1
9.64,1.57,2.15,1.24,0.63,63.28,0
6.55,5.34,3.04,1.35,4.92,75.44,0
4.05,2.43,9.81,2.97,1.05,0.0,2
4.46,5.77,2.13,2.46,4.7,49.13,1
6.78,1.02,4.05,0.2,1.32,46.63,0
4.27,8.59,1.7,1.59,2.26,71.46,1
5.19,1.8,7.74,2.18,3.5,13.63,1
5.56,8.4,6.41,1.81,1.48,68.06,1
9.68,7.28,2.14,2.81,2.91,97.38,0
6.38,7.25,4.39,1.74,3.55,87.87,0
9.67,3.56,4.77,2.1,3.04,59.08,0
7.9,9.03,8.2,2.47,1.29,100.0,1
7.32,0.44,7.93,0.97,1.41,19.73,1
5.7,3.38,6.44,1.75,1.28,39.94,1
8.96,0.93,5.62,1.56,2.87,31.99,0
7.74,9.74,8.84,0.64,1.21,84.15,1
6.35,5.53,3.09,0.67,1.91,67.03,0
8.13,9.76,2.82,1.18,4.82,100.0,1
7.55,5.4,1.68,2.68,3.13,86.07,0
7.24,3.92,3.29,2.27,2.55,68.3,0
6.39,9.29,4.37,1.24,3.12,85.91,0
8.01,8.5,2.03,2.77,4.52,100.0,1
7.75,2.13,5.03,0.61,0.11,34.02,1
5.55,5.93,3.7,1.11,1.99,51.23,0
7.82,9.61,4.86,2.92,3.34,100.0,0
5.42,0.63,8.67,1.72,2.07,0.21,1
5.86,7.84,3.95,2.76,1.34,91.02,0
8.19,1.63,9.54,1.97,1.15,21.89,1
9.54,6.08,9.04,0.33,4.63,53.79,2
8.01,3.73,1.53,2.87,4.97,72.21,0
9.66,1.68,2.39,0.22,1.96,53.46,0
6.37,1.38,7.57,2.5,3.44,30.39,1
8.6,2.5,7.84,1.7,1.83,41.98,1
8.97,9.4,6.99,2.89,4.67,100.0,1
8.39,3.49,5.39,0.47,4.87,43.33,1
5.6,3.71,4.8,2.24,4.63,35.79,1
6.84,5.93,4.54,1.51,0.53,83.79,0
6.41,9.15,4.14,0.75,3.71,90.48,0
6.75,0.09,7.19,1.25,3.37,10.68,1
4.01,3.44,7.34,1.18,1.1,20.51,2
8.51,1.19,7.23,2.0,1.85,25.75,1
9.37,3.16,1.28,0.92,1.02,67.24,0
9.51,8.7,3.75,1.29,0.18,100.0,1
4.38,9.39,8.8,0.64,3.5,45.89,2
8.81,4.76,2.73,1.92,0.4,75.17,0
5.28,6.85,8.45,0.33,2.0,55.9,2
4.98,5.67,7.05,1.06,4.16,27.26,2
7.76,1.41,1.21,0.15,4.52,43.88,1
8.85,2.0,5.73,2.39,3.37,32.66,0
9.37,1.61,2.55,2.7,2.42,52.82,0
7.32,9.81,2.08,2.27,1.67,100.0,0
6.53,5.49,2.85,1.22,3.18,77.48,0
8.34,8.36,4.68,1.27,2.48,100.0,0
4.65,3.13,2.55,1.16,4.87,35.59,1
6.58,5.66,7.02,1.3,2.24,65.35,1
4.37,5.4,5.93,2.27,4.91,25.89,2
7.02,1.69,6.29,2.5,4.66,46.14,1
5.13,7.13,8.92,2.04,3.43,52.39,1
7.82,2.94,1.8,2.48,4.72,61.23,0
6.0,0.94,3.52,2.53,3.28,25.7,0
6.06,5.51,8.11,0.7,4.82,31.82,1
4.05,0.25,8.94,1.94,3.82,0.0,2
6.52,7.99,9.44,0.52,3.82,53.96,1
5.93,4.13,8.77,0.07,2.17,25.2,2
4.66,7.92,9.48,0.27,0.76,32.21,2
5.19,0.79,9.57,2.68,3.28,7.5,1
9.52,6.56,6.93,2.53,3.27,80.65,0
6.34,5.03,5.7,1.08,2.24,48.75,0
6.5,0.26,3.55,0.7,3.97,24.5,0
5.68,8.11,1.17,0.52,4.13,76.26,1
8.64,8.38,9.48,0.19,4.0,58.46,2
5.24,9.32,4.64,2.66,3.03,79.2,1
4.96,9.14,6.01,0.02,0.09,48.22,2
4.97,5.99,7.13,0.84,2.85,21.79,2
9.68,8.6,3.59,1.59,2.5,98.29,0
6.36,5.62,9.36,0.49,2.75,40.15,1
7.7,3.66,9.71,1.25,0.68,30.07,1
8.93,6.95,7.74,0.79,3.21,69.27,1
5.18,9.32,7.65,0.69,0.56,74.34,2
4.67,2.57,2.64,0.02,1.57,28.87,1
6.05,5.04,7.71,1.65,3.72,48.85,1
7.65,6.5,8.19,2.13,3.96,67.99,1
8.07,7.37,3.7,2.62,1.52,89.9,0
9.2,2.47,4.74,1.1,4.49,50.57,0
8.17,7.94,6.65,2.83,4.01,96.76,0
9.7,5.25,1.2,0.78,3.11,82.96,0
7.5,3.62,5.81,0.01,4.24,29.04,1
4.84,4.38,5.38,1.91,2.62,33.25,1
9.23,4.57,1.69,2.32,3.3,81.62,0
6.56,4.1,5.83,0.15,1.49,40.25,1
7.97,4.19,3.0,2.24,1.3,84.61,0
4.93,7.29,6.79,0.21,0.58,43.33,2
7.43,6.86,2.6,2.18,4.68,91.2,0
5.18,6.8,4.09,0.15,1.51,59.14,1
6.47,8.65,5.58,1.55,0.03,89.32,1
4.65,4.79,3.34,1.18,2.69,36.64,1
5.71,9.9,1.52,0.96,1.61,93.55,1
8.11,2.48,5.14,1.93,1.61,61.55,0
9.88,1.2,4.09,0.62,0.93,40.9,0
7.38,4.26,3.45,0.84,4.96,56.28,0
4.46,6.57,5.11,2.07,2.98,47.02,1
4.4,3.5,9.87,0.55,0.64,4.43,2
8.66,6.72,7.99,2.08,0.68,64.86,1
8.66,8.66,3.22,0.38,3.91,94.84,1
4.19,8.25,5.55,0.98,0.06,46.07,2
8.76,4.9,2.35,1.08,0.83,83.17,0
5.66,5.5,2.89,1.03,2.39,67.73,0
4.77,0.39,1.32,1.05,3.59,9.16,1
8.72,7.16,1.04,0.08,0.98,92.66,0
7.19,0.4,8.22,1.48,3.64,15.83,1
7.04,9.25,9.91,1.08,0.63,79.7,1
5.34,5.31,4.41,1.44,3.82,56.47,0
7.22,3.35,8.06,1.92,0.04,46.07,1
5.02,7.24,6.11,1.2,3.47,52.84,1
8.67,5.45,7.5,1.24,3.95,71.81,1
4.82,2.38,3.43,0.5,1.96,23.1,1
7.57,1.02,3.43,2.0,1.99,44.82,0
8.79,9.85,6.09,0.24,0.51,92.48,1
8.08,7.52,7.08,0.54,2.24,82.18,1
9.2,2.37,6.36,0.47,4.79,32.99,1
8.36,2.31,6.54,1.98,1.64,42.34,0
9.31,8.55,3.98,2.23,2.8,91.16,0
6.86,6.0,2.22,1.23,0.89,85.82,0
4.77,2.12,8.04,1.65,0.12,12.13,2
9.46,8.8,8.41,2.98,2.93,86.71,1
9.69,3.13,8.77,2.38,3.88,42.35,1
6.31,4.0,6.76,2.21,4.4,41.1,0
8.33,9.57,2.61,2.85,0.32,100.0,1
4.54,5.68,4.51,0.24,3.24,43.57,1
5.05,6.94,2.61,0.41,0.74,75.96,1
8.67,5.97,8.28,1.77,3.99,47.81,1
6.35,1.5,2.22,1.79,2.74,38.25,0
9.29,9.57,3.28,0.62,1.07,100.0,0
9.12,5.96,1.61,1.42,0.45,96.51,0
6.42,6.48,5.95,2.62,0.08,74.09,1
4.14,3.04,8.92,2.07,0.86,0.0,2
8.33,9.37,6.71,0.07,2.5,97.79,1
4.29,5.99,7.99,0.11,3.92,27.93,2
8.51,2.45,4.54,0.36,1.19,41.13,0
5.92,1.75,2.7,2.7,3.92,46.86,0
9.69,2.39,4.66,2.44,2.21,49.39,0
6.21,5.01,6.59,1.22,2.16,46.25,0
7.21,2.19,8.81,2.24,2.05,43.98,1
4.04,3.44,4.96,1.41,3.74,26.71,1
6.28,3.51,6.49,0.84,0.71,43.81,0
8.86,9.58,2.96,0.05,2.19,100.0,1
4.83,1.17,1.62,2.3,3.93,14.88,1
4.32,7.23,5.04,0.47,1.48,47.26,2
5.98,9.7,5.27,1.12,3.37,78.92,1
4.01,6.18,3.19,1.13,3.53,39.58,1
6.21,1.67,5.55,0.96,4.56,14.04,1
9.2,3.9,8.45,0.17,1.49,43.36,1
4.19,9.19,7.45,1.88,2.66,55.3,2
7.83,8.27,6.37,2.25,1.4,90.4,1
4.19,3.87,8.94,0.54,0.71,0.0,2
6.57,9.33,8.53,1.39,4.86,77.59,2
9.24,2.46,5.4,0.09,0.04,54.4,1
4.71,5.48,7.26,0.1,2.24,28.12,2
9.34,2.99,9.77,2.53,3.25,38.41,1
8.27,8.16,3.73,2.98,4.54,100.0,1
8.34,5.24,7.85,2.48,0.12,64.44,1
6.02,9.18,4.58,2.66,2.31,88.57,0
9.4,5.61,4.24,0.13,0.55,73.76,0
6.19,6.07,3.77,0.2,1.32,60.09,0
9.95,3.93,1.8,1.74,4.6,80.88,0
9.02,9.28,6.73,2.98,0.17,100.0,1
9.14,9.17,5.3,2.36,0.98,100.0,1
6.15,5.96,7.08,1.04,1.08,57.45,1
7.98,6.77,7.67,0.38,4.09,71.73,1
4.18,3.36,5.2,1.08,0.59,24.13,1
4.15,0.93,3.4,2.46,2.63,6.5,1
7.97,5.42,2.18,0.67,1.11,87.69,0
6.77,3.88,6.01,2.91,1.57,61.89,0
6.88,7.17,7.57,2.19,1.01,86.79,1
8.87,3.82,9.86,1.09,2.49,27.03,1
6.6,8.46,2.4,1.7,3.09,99.61,0
7.66,9.6,8.85,1.05,4.3,92.79,1
5.54,6.1,3.54,1.95,0.47,77.1,1
6.52,5.87,1.23,2.09,2.48,90.2,0
5.89,1.46,4.92,2.83,1.14,29.22,0
4.3,7.18,3.15,1.35,1.84,68.26,1
6.07,3.5,5.7,2.92,2.35,42.29,0
6.77,1.08,3.07,1.22,1.63,51.33,0
8.07,5.78,5.42,1.19,3.06,59.5,0
5.82,1.71,7.09,0.07,0.8,12.68,2
9.99,4.88,5.46,2.32,0.18,83.18,1
4.6,4.01,9.85,2.26,4.93,0.0,2
7.65,7.54,6.93,1.39,1.46,87.51,0
5.55,4.87,2.32,1.7,1.23,60.57,0
6.99,1.63,9.66,1.34,1.76,18.71,1
9.06,6.26,4.75,0.74,3.73,83.4,0
6.28,1.35,1.98,0.02,3.72,35.27,0
9.96,7.84,2.46,2.93,1.64,100.0,0
8.12,0.49,8.43,2.99,3.88,26.18,1
6.34,0.66,8.13,1.79,4.55,21.02,1
5.83,3.61,7.15,2.36,4.81,36.75,2
6.96,0.29,3.28,1.12,2.97,41.05,0
6.19,6.24,8.46,0.73,1.71,44.0,1
8.67,8.25,2.88,1.62,4.5,97.24,1
6.58,9.85,2.02,2.12,4.25,100.0,0
8.29,4.7,8.68,2.72,4.36,54.77,1
8.54,9.22,6.59,1.8,0.23,100.0,1
4.28,3.14,9.33,2.85,4.96,0.0,2
5.06,4.88,1.92,2.62,2.8,63.76,0
4.48,4.05,8.8,2.11,0.41,17.56,2
6.35,1.01,9.41,1.96,0.47,8.92,1
6.21,2.45,6.13,0.04,2.33,9.2,1
9.57,3.43,6.78,0.68,2.8,46.27,0
7.43,1.72,9.47,2.66,1.68,36.53,1
4.57,7.4,3.54,0.41,3.39,57.4,1
7.18,5.21,1.54,0.15,3.01,51.95,0
6.27,6.13,6.91,2.48,2.1,66.73,0
7.47,3.12,1.48,0.01,4.18,62.77,0
7.78,5.77,4.6,2.5,3.49,81.46,0
8.66,5.07,4.12,2.18,3.43,80.34,0
9.9,6.49,6.45,0.21,1.4,67.44,1
7.78,5.13,7.87,0.79,3.51,57.13,1
8.59,7.71,9.0,0.25,3.49,72.15,1
7.44,2.17,9.99,0.52,1.68,25.71,1
6.79,4.19,5.42,2.78,2.39,64.71,0
9.32,8.18,3.16,0.04,3.15,100.0,1
7.32,2.11,7.67,2.01,2.83,48.18,1
8.71,6.68,6.98,1.99,2.63,81.83,0
8.26,6.1,5.41,0.38,3.51,69.67,1
6.05,3.56,3.22,2.89,4.3,47.2,0
6.41,7.37,5.75,2.93,0.28,83.01,1
7.41,2.03,6.44,2.34,0.69,43.62,0
8.13,8.34,5.47,0.62,2.93,100.0,1
8.63,5.56,3.51,2.26,2.59,75.51,0
7.38,9.48,7.35,0.9,3.55,86.69,1
7.26,5.27,3.23,1.04,4.71,70.39,0
8.81,6.67,5.79,0.41,1.02,78.97,1
7.52,9.73,8.9,0.08,1.37,84.5,2
9.85,2.36,2.81,1.86,2.78,67.2,0
8.02,0.97,1.17,0.25,1.82,43.96,0
7.28,7.55,3.89,2.16,4.83,81.74,0
9.99,6.38,7.74,0.76,3.22,66.83,1
9.74,9.05,4.57,2.84,4.42,100.0,0
4.49,1.61,1.69,0.32,4.88,0.0,2
8.15,6.37,6.68,0.62,2.9,70.83,0
7.42,1.86,7.51,0.22,2.96,27.83,1
5.5,8.07,2.58,2.8,4.42,73.11,1
5.83,1.37,9.25,1.88,0.16,13.07,2
4.51,5.74,5.58,0.25,4.08,25.8,2
7.25,6.39,9.66,1.48,4.59,39.66,1
9.14,2.36,7.37,0.27,4.93,38.6,2
6.65,5.24,6.38,0.83,3.37,50.15,0
7.15,1.48,9.27,0.35,3.15,8.11,1
4.88,0.21,4.27,1.92,2.61,0.0,1
8.05,1.4,1.52,1.88,3.27,53.85,0
5.47,8.11,1.68,1.9,0.6,82.63,1
6.51,7.18,1.47,1.67,0.72,96.66,0
4.72,0.74,7.42,0.19,1.12,0.0,2
8.86,8.54,3.93,1.58,3.87,99.92,0
8.35,0.97,9.22,1.91,2.47,28.95,1
6.08,7.27,5.87,1.59,0.98,77.68,0
6.35,1.83,9.49,1.52,2.64,31.0,1
6.2,9.43,7.25,1.9,1.17,79.73,1
6.63,0.1,1.64,1.79,3.62,35.12,0
8.4,9.5,7.69,2.35,3.5,100.0,1
6.17,9.49,6.95,2.37,4.84,97.76,1
5.93,6.45,1.22,1.71,4.04,83.53,0
5.77,7.24,2.31,2.68,0.5,84.45,0
6.99,4.29,5.51,0.6,2.29,48.11,0
8.81,1.63,7.06,2.57,4.1,40.92,1
4.29,9.31,4.56,1.08,3.8,53.89,1
9.01,0.76,7.67,2.9,4.98,29.57,1
9.22,2.79,9.7,2.78,2.67,38.98,1
4.66,5.91,7.3,1.21,2.03,36.71,2
4.17,9.58,3.61,0.42,0.03,75.69,2
9.18,0.95,2.37,1.34,0.93,38.69,0
4.35,5.5,4.45,1.39,2.12,38.18,1
5.32,0.65,2.04,2.93,1.4,34.17,0
4.76,7.55,9.32,2.37,3.06,36.34,2
6.43,8.59,8.19,0.01,2.44,64.06,2
4.52,8.46,1.07,2.19,4.94,59.83,2
6.23,6.06,8.24,0.72,1.25,54.99,1
9.64,2.98,4.39,2.98,0.88,63.22,0
7.54,0.24,2.62,1.87,3.3,42.45,0
6.3,5.76,6.79,2.41,3.96,61.46,0
9.37,8.38,2.2,2.87,4.46,100.0,0
4.12,6.04,4.95,2.25,2.62,44.16,1
5.47,8.83,1.34,2.21,1.46,87.57,1
7.19,2.5,6.87,2.08,0.43,55.28,1
8.47,7.22,5.9,2.33,0.54,100.0,0
7.94,6.93,8.33,0.54,2.58,65.05,1
5.34,5.17,6.75,0.64,1.88,32.4,1
9.42,2.37,2.09,0.11,0.22,64.32,1
7.65,0.18,3.58,0.17,2.02,34.84,0
7.65,6.88,7.58,0.67,4.34,71.59,1
4.34,4.41,7.91,0.93,1.91,15.49,2
4.33,9.67,2.57,0.08,0.03,64.31,2
9.31,8.2,9.21,1.6,2.24,80.1,1
4.28,9.1,5.47,1.37,2.58,60.02,2
5.35,7.1,7.4,2.55,0.04,59.85,2
6.83,8.51,9.69,1.78,1.06,84.36,1
7.84,2.1,5.98,2.5,1.95,51.59,0
4.22,2.54,7.28,1.08,0.79,13.6,2
4.57,6.59,6.51,1.56,2.5,45.56,1
7.0,0.6,9.33,0.17,2.12,7.37,1
8.72,1.66,9.32,0.13,4.1,17.63,1
5.5,2.02,4.22,2.49,4.31,36.93,0
6.12,2.37,2.1,1.94,1.73,54.33,0
9.2,7.48,7.96,0.12,4.58,74.22,2
7.02,0.11,9.08,1.63,4.13,11.08,1
8.78,6.93,9.29,0.68,1.01,52.32,1
7.01,5.99,7.38,1.64,3.94,68.54,1
9.15,1.08,6.71,2.67,1.26,49.07,0
5.83,5.64,4.72,0.32,4.46,56.78,1
7.2,5.95,1.37,0.29,4.86,80.93,1
4.2,7.94,5.58,0.23,3.4,54.63,2
5.23,8.78,3.62,0.85,1.36,72.82,1
8.24,9.03,3.06,2.36,2.87,100.0,0
4.21,8.19,3.17,1.9,2.74,58.15,1
9.97,8.14,5.38,2.04,2.38,88.63,1
4.81,4.46,4.02,1.38,2.25,36.04,1
9.86,0.15,1.09,1.12,3.1,43.22,0
7.2,7.23,1.85,2.95,1.68,100.0,0
4.66,7.09,8.56,0.32,0.63,37.58,2
4.07,9.86,6.39,1.82,4.79,64.94,2
8.89,3.4,4.01,0.88,1.73,35.74,0
4.84,3.56,5.02,0.93,0.83,6.75,1
6.89,7.21,7.4,0.61,0.18,77.41,1
4.94,3.96,9.81,0.54,1.59,0.0,2
7.06,0.44,2.46,2.81,0.52,53.9,0
8.75,2.65,7.53,0.51,1.42,40.26,1
9.98,2.15,2.16,2.78,0.81,73.59,0
7.9,5.77,7.76,2.18,0.55,61.43,1
9.38,6.22,5.71,1.61,0.07,71.84,1
7.95,3.32,5.24,1.91,2.14,63.62,0
8.23,0.01,1.21,2.07,2.06,43.48,0
5.04,0.14,4.49,2.21,4.86,10.98,1
6.9,8.13,1.63,1.72,4.62,100.0,1
9.76,2.21,1.95,1.57,4.54,62.94,0
8.8,1.69,7.71,1.67,0.88,40.21,1
8.28,5.15,3.03,0.4,4.79,69.13,1
8.86,6.97,8.47,0.49,2.48,67.32,1
4.62,1.5,6.71,2.61,3.3,8.91,1
9.82,1.4,3.09,2.92,3.86,49.32,0
8.84,6.52,3.56,0.98,4.74,65.96,0
6.16,3.73,3.68,0.98,4.3,44.83,0
6.62,9.43,5.88,1.35,1.56,100.0,1
5.35,0.9,2.14,0.49,1.51,25.87,1
9.7,1.24,4.45,2.64,0.53,51.54,0
9.07,5.57,2.89,2.21,3.41,100.0,0
4.28,0.08,8.43,0.96,0.69,0.0,2
9.52,0.08,1.51,1.25,3.38,31.51,0
9.39,0.44,4.06,1.05,1.7,30.55,0
8.74,3.18,7.7,0.44,2.8,35.38,1
7.24,1.08,9.58,2.72,4.13,24.17,1
4.88,5.04,3.86,2.66,0.95,55.31,1
8.12,0.89,7.59,0.8,3.3,8.64,1
7.66,2.13,1.44,0.13,0.44,63.02,1
6.09,2.43,2.97,2.85,0.59,48.41,0
6.83,0.0,9.29,0.3,3.41,0.0,1
8.85,6.51,7.92,1.26,2.44,76.2,1
7.41,5.12,2.85,0.77,1.79,74.73,0
6.5,0.03,6.09,2.11,2.81,16.67,0
4.0,0.59,7.29,2.41,3.59,0.0,2
8.24,7.4,7.52,2.21,0.37,86.47,1
6.17,5.28,7.86,1.0,1.38,46.09,1
5.5,8.21,2.59,1.08,2.01,81.03,1
4.02,2.36,4.04,0.94,3.93,14.64,1
6.33,0.38,9.38,2.37,4.91,2.9,1
5.89,6.92,3.76,2.66,2.05,81.58,0
9.48,8.37,9.7,0.2,1.22,69.34,2
6.55,4.73,3.62,2.37,1.12,70.85,0
9.11,6.04,4.19,0.56,0.67,87.91,0
6.81,0.46,9.85,2.01,4.22,17.38,1
9.73,2.0,2.67,2.67,4.46,52.8,0
4.75,3.05,7.79,2.54,1.74,11.13,2
7.99,7.39,4.82,1.75,4.94,91.43,0
7.67,5.49,8.82,1.82,2.54,77.28,1
8.22,1.32,1.24,1.47,2.86,40.2,0
8.27,8.49,4.12,1.53,4.87,98.67,1
8.84,5.26,3.02,1.74,1.09,82.01,0
5.42,1.93,4.34,2.67,1.94,33.77,0
7.33,0.08,2.7,2.79,3.02,41.25,0
5.86,7.17,7.95,2.93,0.09,58.88,2
6.35,8.38,5.9,1.69,1.8,74.2,1
5.58,4.92,6.04,2.23,2.36,48.37,1
6.91,6.59,7.07,2.13,4.12,69.01,1
5.16,6.8,1.69,0.66,3.96,74.19,0
6.99,9.87,3.12,0.06,0.56,100.0,1
8.36,7.76,6.09,0.77,2.61,88.6,0
8.09,6.14,1.2,2.45,3.82,95.71,0
7.81,6.01,2.29,0.58,3.42,89.81,0
7.46,5.68,6.82,1.32,0.27,72.8,1
9.4,8.05,9.35,0.46,2.53,59.52,2
5.26,2.01,8.04,2.02,3.24,14.35,1
7.04,0.23,2.17,1.55,1.55,37.19,0
6.83,0.84,1.16,2.18,0.86,45.35,0
6.54,2.64,6.55,1.46,0.56,39.86,0
6.56,6.11,1.04,1.88,1.41,100.0,0
5.79,9.96,3.08,2.74,4.59,99.67,1
5.82,3.81,9.9,1.86,2.72,21.8,1
9.09,0.84,1.42,0.82,2.38,45.65,0
8.74,1.98,4.35,2.34,2.64,53.03,0
6.38,6.26,9.76,1.99,0.08,68.49,1
5.51,8.62,4.46,0.6,2.34,67.78,1
5.41,5.73,7.91,2.5,1.99,58.06,1
6.9,4.34,2.77,2.69,4.87,76.23,0
8.77,6.46,3.35,1.91,0.64,100.0,0
9.96,6.36,3.28,1.35,4.75,81.13,0
9.4,8.69,4.1,2.09,3.3,100.0,0
6.2,0.52,2.54,1.85,3.88,27.96,0
7.5,0.85,1.16,2.35,2.75,52.0,0
4.98,4.07,9.27,0.51,0.31,8.9,2
7.57,9.52,9.16,2.25,0.1,100.0,2
9.38,4.34,9.66,1.96,0.55,54.71,1
8.17,0.65,4.1,2.15,0.79,54.77,0
8.14,7.76,5.67,2.87,4.63,88.1,1
4.96,7.73,3.19,2.53,2.94,67.01,1
7.34,5.33,9.32,0.64,4.64,47.99,1
8.62,9.2,4.55,0.22,4.02,85.84,1
6.02,5.19,8.29,0.58,3.14,33.16,1
5.05,8.31,3.92,2.8,2.84,74.68,1
6.54,4.01,8.36,2.03,3.87,49.63,1
5.57,0.87,7.99,1.25,2.55,0.0,1
6.59,6.84,6.48,2.92,0.69,80.94,0
4.38,8.08,6.55,1.29,4.01,25.23,2
5.37,4.73,1.64,2.69,3.65,66.29,0
9.25,7.92,4.89,0.36,1.87,82.81,0
9.69,7.68,2.84,0.58,4.4,92.38,0
7.5,3.78,3.72,2.03,4.8,59.24,0
6.92,4.41,9.17,1.73,2.48,37.1,1
5.42,0.64,8.7,1.82,0.82,1.99,1
9.94,6.34,6.73,0.22,4.84,63.78,1
7.29,3.09,7.28,2.5,3.93,49.84,1
7.82,3.21,5.48,2.45,1.33,52.82,0
8.35,4.44,8.35,0.43,1.68,53.24,1
8.19,7.59,5.1,1.43,0.66,85.02,0
9.95,7.78,3.01,1.87,1.47,100.0,0
5.08,1.03,2.76,2.39,1.46,34.74,0
9.69,5.74,5.37,2.25,0.49,80.77,1
6.99,8.31,8.33,2.54,3.49,81.2,1
8.97,8.73,5.32,2.96,4.37,100.0,1
4.42,2.24,7.99,0.33,2.35,0.09,2
9.27,8.47,7.88,1.22,0.71,84.93,1
5.09,5.61,9.83,1.65,3.23,30.94,1
8.98,4.35,5.48,0.53,3.07,56.85,0
7.05,7.67,1.16,1.69,0.87,100.0,0
4.21,1.69,9.88,3.0,3.6,0.63,2
8.66,8.97,5.67,0.11,3.55,97.98,1
5.55,4.63,4.25,1.17,3.61,47.94,0
9.65,7.9,1.25,2.46,3.86,100.0,0
6.98,8.36,4.82,0.48,1.56,88.25,1
8.09,1.79,6.8,1.4,4.2,41.24,0
9.58,9.0,2.67,2.06,1.07,100.0,0
7.81,2.94,3.24,1.29,4.0,66.8,0
4.2,3.02,4.81,1.76,0.75,12.91,1
9.31,4.77,7.7,1.45,2.32,43.11,1
5.56,2.5,9.9,2.61,3.69,15.3,1
4.18,1.75,9.44,2.45,2.62,0.0,2
4.88,5.59,2.65,0.92,4.7,33.59,1
4.61,2.5,6.35,0.18,2.75,6.75,2
5.75,2.93,3.06,2.81,1.94,42.04,0
5.81,7.03,1.91,0.21,3.72,67.54,1
5.59,3.55,9.62,0.31,0.92,12.89,2
5.69,6.49,7.22,1.58,3.06,58.54,1
8.56,0.42,3.82,2.05,1.65,50.68,0
6.07,7.11,2.1,2.17,3.88,84.59,0
5.47,8.05,2.93,2.72,3.53,73.71,1
8.8,5.06,5.07,1.26,3.03,57.78,0
9.38,2.73,6.68,2.06,3.37,57.4,0
6.35,7.62,3.7,0.62,2.73,73.95,0
4.2,0.52,7.26,2.92,2.27,0.0,2
8.91,2.61,9.96,1.69,1.16,44.87,1
6.01,7.79,1.95,2.57,3.84,99.74,0
9.37,2.3,5.69,2.55,1.89,48.81,0
5.75,2.42,8.83,1.39,3.42,23.07,1
5.8,7.61,1.2,0.31,0.81,80.93,1
6.42,4.77,3.21,0.2,3.39,50.01,0
8.86,9.29,7.39,1.79,3.29,95.32,1
9.59,9.64,4.84,1.85,4.01,100.0,0
7.16,6.53,7.45,1.11,1.48,66.62,1
7.35,9.19,9.06,1.08,1.29,89.0,1
8.35,5.05,4.5,0.37,3.93,80.45,0
6.26,9.19,6.94,2.79,2.37,85.81,1
9.62,9.6,9.65,2.46,2.31,100.0,1
6.3,9.38,4.27,2.27,4.62,100.0,1
9.69,5.55,5.43,2.96,1.09,82.96,0
9.78,6.89,5.83,0.4,2.57,74.31,1
7.62,4.05,5.96,2.66,4.56,64.65,1
7.65,2.79,5.06,0.66,2.66,40.23,0
6.03,2.72,2.36,0.42,3.56,29.96,0
4.71,9.99,3.34,2.69,3.05,90.71,1
7.37,1.81,8.62,2.48,1.75,34.63,1
7.26,9.09,8.23,0.12,4.4,68.4,2
8.45,1.2,8.27,1.94,1.69,34.62,1
7.39,8.53,7.03,0.87,4.88,73.84,2
7.1,4.04,2.23,2.06,2.15,78.8,0
9.79,7.68,3.18,2.15,0.1,100.0,0
6.96,9.37,4.4,0.79,4.98,91.5,1
9.18,9.11,5.67,1.37,2.76,100.0,1
9.79,3.28,7.65,0.86,3.05,41.34,1
9.32,4.49,4.33,0.76,0.67,81.44,0
9.23,4.19,3.86,2.22,1.08,75.58,0
9.62,0.82,4.73,1.73,1.15,41.95,0
5.33,3.45,9.09,1.29,2.09,20.51,1
9.78,1.17,8.85,0.98,4.78,26.64,1
4.5,5.2,3.05,2.26,3.29,50.51,1
5.16,7.09,3.8,3.0,3.66,74.6,0
9.2,5.89,5.97,0.71,3.39,63.19,0
8.9,0.52,7.05,0.47,2.16,29.33,1
4.57,6.67,6.51,2.6,0.86,53.46,1
6.7,4.29,4.26,1.16,2.6,51.41,0
6.55,6.52,5.48,0.5,1.82,72.79,1
8.01,9.01,5.95,2.03,0.39,99.94,1
5.89,3.54,3.01,0.25,3.95,30.21,1
5.7,1.82,9.77,2.34,4.65,19.76,2
9.44,4.79,2.53,0.98,1.46,71.9,0
4.15,1.42,7.15,0.37,0.24,3.01,2
8.14,1.39,2.32,0.69,3.75,54.89,0
4.21,9.06,8.89,0.55,1.33,42.87,2
8.32,2.5,9.38,2.48,2.94,41.58,1
9.3,7.28,8.09,0.22,3.54,70.55,1
9.74,5.8,5.57,1.28,3.51,80.25,0
7.6,2.27,1.16,1.86,4.32,66.46,0
6.39,9.4,5.52,0.66,1.77,88.3,1
4.7,6.61,6.33,1.94,3.05,42.35,1
5.05,1.66,1.88,2.21,0.6,41.36,0
5.07,1.18,2.46,1.53,3.23,14.1,0
4.77,6.16,7.96,0.94,0.4,29.63,2
4.55,8.87,4.39,1.57,3.84,37.48,1
7.89,0.77,5.33,0.29,1.24,29.88,1
8.31,6.74,7.72,0.19,4.97,70.94,2
8.95,7.4,6.33,1.32,3.79,64.48,0
4.82,7.93,1.71,1.5,3.23,64.51,1
6.78,2.37,5.42,0.75,2.64,31.53,0
8.68,2.4,2.8,1.42,0.25,63.15,0
6.12,4.88,3.42,1.68,4.39,52.8,0
5.72,0.62,2.23,1.68,3.42,24.72,0
5.11,3.19,3.88,2.88,1.02,46.75,0
6.12,1.34,2.14,1.22,1.53,45.26,0
7.63,5.02,1.69,2.59,1.42,88.98,0
9.59,4.34,3.06,2.5,1.81,85.93,0
7.31,4.89,8.65,2.19,4.38,44.78,1
7.85,5.0,9.89,2.88,4.24,58.17,1
7.47,2.6,8.88,0.03,1.14,30.42,1
7.52,5.61,2.58,0.31,1.11,92.21,0
4.08,6.92,3.23,1.05,1.67,53.44,1
9.16,1.49,4.07,2.08,0.22,46.77,0
9.77,6.08,9.61,1.24,2.08,73.11,1
4.21,2.45,5.3,1.52,1.09,21.98,1
5.09,3.26,2.76,2.09,2.58,57.88,0
4.34,4.25,9.7,0.16,2.09,0.0,2
4.88,4.63,2.42,1.56,4.61,47.95,1
4.64,8.25,5.14,2.65,1.53,59.62,2
9.54,1.72,8.21,1.89,4.06,40.67,1
6.6,1.29,9.64,0.19,0.33,15.04,2
5.8,5.97,3.59,1.95,0.96,75.23,0
7.2,3.34,3.27,0.42,3.53,51.4,0
5.75,3.37,5.09,2.11,2.14,34.5,1
8.08,8.38,7.45,0.45,4.89,81.44,2
7.44,1.65,2.55,1.84,2.08,49.78,0
6.23,5.13,2.69,0.47,0.38,70.99,1
7.33,9.47,7.75,2.31,2.55,89.78,1
9.65,7.22,1.95,1.95,0.6,100.0,0
8.16,8.35,2.43,0.22,4.43,98.71,1
4.21,7.21,8.63,1.54,2.7,25.7,2
5.43,7.55,8.64,0.96,1.37,53.83,1
4.3,2.81,1.23,2.37,1.28,42.57,1
7.26,8.37,9.64,1.1,0.44,70.39,2
5.34,0.53,9.08,0.02,2.46,0.0,2
7.92,2.9,8.86,2.2,2.16,37.13,1
8.9,7.57,4.59,1.02,0.19,97.78,0
4.32,0.24,2.38,2.57,3.99,2.19,1
7.74,6.24,2.12,2.1,1.4,95.69,0
9.73,8.71,3.1,2.21,0.52,100.0,0
4.17,1.7,7.25,1.09,0.08,0.0,2
7.2,3.94,5.67,1.56,2.35,44.74,0
9.31,3.02,5.38,0.01,4.3,44.32,1
5.63,9.98,6.26,0.37,1.33,66.81,2
9.92,4.31,3.07,1.71,2.02,80.73,0
9.17,0.16,9.09,2.38,0.38,26.09,1
8.63,6.02,6.2,0.15,0.3,54.88,1
4.63,2.42,5.49,0.49,3.95,9.89,2
9.05,0.5,4.85,2.54,1.82,47.0,0
7.54,3.47,3.49,1.96,0.67,63.07,0
7.46,1.12,7.33,1.29,1.02,19.2,1
8.32,5.93,8.64,1.63,2.21,69.42,1
4.92,4.32,5.1,2.2,2.21,44.99,1
9.0,9.93,3.9,2.71,4.03,100.0,0
6.0,2.19,6.98,1.67,2.47,25.91,0
6.0,3.83,8.79,2.92,3.88,51.82,1
4.68,2.09,4.8,0.71,4.51,9.06,1
6.5,2.74,4.43,1.43,3.57,34.89,0
9.09,1.28,3.36,2.98,0.95,66.59,0
7.83,3.93,1.83,0.01,0.4,71.27,1
5.39,7.78,8.72,0.43,1.69,52.02,2
5.72,2.39,8.08,1.04,2.48,21.26,1
8.93,3.01,2.88,2.94,1.6,75.33,0
8.07,5.14,3.06,0.42,2.44,74.36,0
8.64,7.1,9.21,2.91,3.64,80.93,1
6.43,6.09,6.31,0.54,2.91,63.53,0
6.03,8.34,4.8,1.58,2.81,74.97,0
5.28,5.99,4.01,1.97,0.73,58.93,0
8.63,4.17,3.71,1.16,3.61,58.03,0
8.21,8.89,5.11,2.01,2.21,100.0,1
6.85,7.77,1.05,0.65,1.48,100.0,0
7.04,3.64,4.64,1.36,4.34,45.24,0
9.06,8.42,2.79,0.81,2.98,100.0,0
5.22,7.46,2.8,0.79,1.53,70.08,0
8.39,5.31,8.38,2.44,1.95,66.76,1
5.24,5.03,2.06,1.28,2.6,66.18,0
6.78,6.52,6.53,0.16,0.48,59.14,1
9.06,8.7,3.79,2.16,2.89,100.0,0
4.57,5.48,6.33,0.92,0.23,30.03,2
6.72,6.92,7.3,0.54,4.29,62.6,1
9.79,1.18,8.53,2.73,4.11,23.72,1
6.17,7.13,6.21,1.27,4.97,58.89,1
6.48,9.03,3.6,0.46,1.55,90.73,1
9.16,1.14,6.6,1.7,3.34,35.22,0
9.76,3.47,3.7,1.74,2.15,73.86,0
4.42,1.48,9.42,0.2,2.95,0.0,2
4.07,2.23,4.39,1.52,1.71,13.62,1
5.36,0.25,1.01,1.04,1.81,23.21,0
4.27,5.3,6.2,2.1,3.19,32.45,1
7.79,3.22,7.96,0.57,3.58,37.08,1
7.91,1.76,7.02,2.21,2.45,50.73,1
5.0,2.9,7.87,1.23,3.51,14.37,2
8.05,6.74,6.5,1.56,0.99,77.66,0
9.79,4.66,9.4,2.99,2.43,65.65,1
7.86,2.37,1.42,1.36,3.94,71.1,0
8.71,6.55,7.26,0.86,2.35,75.35,1
5.48,0.9,2.14,0.63,2.9,29.98,0
5.6,8.61,5.73,2.77,3.17,75.02,1
9.48,8.57,6.72,1.6,2.26,100.0,1
8.62,5.13,2.58,0.17,0.63,73.55,0
6.21,8.92,3.15,0.96,1.12,97.81,0
7.7,5.32,9.57,2.99,4.19,67.64,1
6.2,5.8,4.16,2.35,0.86,65.4,0
4.23,6.09,7.2,0.01,2.55,23.93,2
8.75,0.39,1.44,1.86,2.96,38.81,0
7.55,9.49,3.83,1.19,4.89,96.92,1
8.78,0.12,5.38,0.46,2.99,22.92,1
4.2,1.64,4.08,0.77,1.92,0.0,1
4.61,4.23,5.11,0.84,1.39,18.61,1
7.71,8.13,4.65,1.82,4.47,100.0,0
9.52,2.69,9.87,2.45,3.97,39.36,1
9.9,4.42,7.67,2.1,3.66,59.57,1
5.14,3.49,4.53,2.24,3.58,38.95,0
8.73,5.96,2.26,1.91,4.44,86.13,0
9.37,9.99,4.23,2.17,2.7,100.0,0
5.44,2.46,2.66,1.89,0.71,53.67,0
7.14,4.38,8.69,1.33,0.41,50.17,1
8.54,1.28,7.89,0.62,2.44,21.67,1
8.52,2.46,3.28,0.33,3.6,39.99,0
7.11,3.32,7.97,0.68,4.7,40.78,1
4.62,2.4,1.67,1.41,1.25,31.16,1
7.1,2.33,5.06,0.59,0.89,47.35,0
4.65,1.89,9.44,2.0,4.61,0.0,2
9.14,3.62,2.3,2.41,0.3,74.82,0
8.92,6.17,5.66,1.06,0.38,72.45,1
5.05,2.55,3.12,2.72,3.82,32.37,0
9.73,0.53,9.04,0.18,1.96,23.05,1
9.99,9.14,6.26,0.65,1.38,100.0,1
5.94,0.21,6.91,1.84,4.52,0.0,1
6.07,5.12,2.75,1.88,3.85,65.09,0
5.91,8.68,5.55,1.6,3.61,67.88,1
4.42,8.04,9.31,0.16,0.61,22.33,2
7.63,3.83,5.85,2.11,2.52,59.39,0
4.54,4.39,9.31,1.67,1.79,18.73,2
6.33,5.09,2.05,2.21,3.5,75.0,0
